"DESCRIPTION","DURATION IN MS","NAME","PARENT SUITE","START TIME","STATUS","STOP TIME","SUB SUITE","SUITE","TEST CLASS","TEST METHOD"
"","","""before all"" hook for Cash Funds (Mobile)","","2026-06-04","unknown","","","","",""
"","5667","AB-USD-1.4 Select beneficiary type","Add Beneficiary - Another person (USD) - step by step","2026-09-04","passed","2026-09-04","","","",""
"","72743","opens portfolio page (from Invest)","Portfolio (iOS/Android)","2026-06-09","passed","2026-06-09","","","",""
"","133522","Create virtual card -> success","Virtual card creation - Individual","2026-03-04","broken","2026-03-04","","","",""
"","34683","SEARCH-1.1 Search ""cat"" and verify Carlos Cat","Home Search - Individual","2026-09-18","passed","2026-09-18","","","",""
"","5750","BCW-1.3 Tap Assign Card button","Business Cards - Create New Wallet (TC1717/TC1718/TC1719)","2026-09-02","passed","2026-09-02","","","",""
"","97","CB-1.1 Bank transfer screen is displayed","Cross-Border Payment - SWIFT (Android)","2026-08-11","passed","2026-08-11","","","",""
"","209464","Send P2P by slide (11 EUR)","Bank Transfer - Individual","2026-08-25","passed","2026-08-25","","","",""
"","33106","AUTH-1.1 Incorrect passcode — error message is shown","Authentication - Security","2026-09-01","passed","2026-09-01","","","",""
"","140456","exchanges from EUR to Dollar wallet and verifies Exchanged to USD on home","FX Exchange","2026-08-25","passed","2026-08-25","","","",""
"","","""before all"" hook for Bank Transfer - Individual - SEPA","","2026-09-05","unknown","","","","",""
"","23056","BCCL-2.3 Select Self as assignee","Business Cards - Card Limit Reached (TC1745/TC1747)","2026-08-25","broken","2026-08-25","","","",""
"","182157","create and delete price alert (BMW)","Price Alerts (iOS/Android)","2026-06-06","broken","2026-06-06","","","",""
"","73077","ABS-1.1 Open Add Beneficiary and select Another person (Android)","Add Beneficiary - Another person","2026-09-17","passed","2026-09-17","","","",""
"","7566","ABC-1.9 Verify success modal and close","Business Cards - Assign Physical card","2026-09-03","passed","2026-09-03","","","",""
"","49359","ABS-1.2 Fill beneficiary details and submit (Android)","Add Beneficiary - Another person","2026-09-17","passed","2026-09-17","","","",""
"","","""before all"" hook for Orders (iOS/Android)","","2026-09-16","unknown","","","","",""
"","","""before all"" hook for Cash Funds (iOS)","","2026-04-19","unknown","","","","",""
"","17552","WL-1.1 Add first existing instrument to watchlist (Android)","Watchlist (iOS/Android)","2026-09-05","passed","2026-09-05","","","",""
"","","""before all"" hook for FX Exchange","","2026-08-11","unknown","","","","",""
"","7012","BCF-1.6 Unfreeze the card (TC1739)","Business Cards - Freeze/UnFreeze Other User Virtual Card","2026-09-04","passed","2026-09-04","","","",""
"","24313","ABC-1.11 Freeze created card","Business Cards - Assign Physical card","2026-09-02","broken","2026-09-02","","","",""
"","","""before all"" hook for Bank Transfer - SWIFT Individual","","2026-09-16","unknown","","","","",""
"","44971","FX-1.2 GBP (zero balance): insufficient-balance error shown and exchange button disabled","FX Exchange","2026-08-13","passed","2026-08-13","","","",""
"","8925","HM-STORY-1.4 Verify Storyly widget position","Home Screen - Storyly widget","2026-08-19","passed","2026-08-19","","","",""
"","","""before all"" hook for Bank Transfer - P2P Individual","","2026-09-17","unknown","","","","",""
"","","""before all"" hook for FX Exchange","","2026-08-12","unknown","","","","",""
"","","""before all"" hook for FX Exchange","","2026-08-12","unknown","","","","",""
"","","""before all"" hook for Business Cards - No-Rights User Add Card Blocked","","2026-09-04","unknown","","","","",""
"","10392","AB-USD-1.7 Enter beneficiary name","Add Beneficiary - Another person (USD) - step by step","2026-09-04","passed","2026-09-04","","","",""
"","3586","ABC-1.7 Confirm assignee address and submit","Business Cards - Assign Physical card","2026-07-22","passed","2026-07-22","","","",""
"","2877","HS-SA-1.3 Validate current month spend","Home Screen - Spend Analytics","2026-09-04","passed","2026-09-04","","","",""
"","","""before all"" hook for Business Cards - Create New Wallet (TC1717/TC1718/TC1719)","","2026-09-02","unknown","","","","",""
"","109501","adds instrument to watchlist (from existing list)","Watchlist (iOS/Android)","2026-05-26","passed","2026-05-26","","","",""
"","","""before all"" hook for Business Cards - Admin Self-Assign Card Blocked","","2026-08-04","unknown","","","","",""
"","160351","create price alert (BMW)","Price Alerts (iOS/Android)","2026-08-17","passed","2026-08-17","","","",""
"","","""before all"" hook for Auto Top-Up","","2026-09-16","unknown","","","","",""
"","","""before all"" hook for FX Exchange","","2026-08-12","unknown","","","","",""
"","","""before all"" hook for Orders (iOS/Android)","","2026-07-20","unknown","","","","",""
"","51688","ABS-1.2 Fill beneficiary details and confirm review (iOS)","Add Beneficiary - Another person","2026-09-17","passed","2026-09-17","","","",""
"","14041","FX-1.3 From wallet selector shows available balance","FX Exchange","2026-09-04","passed","2026-09-04","","","",""
"","","""before all"" hook for Orders (iOS/Android)","","2026-09-16","unknown","","","","",""
"","1","SEPA-1.3 Verify transaction on Home (Android)","Bank Transfer - SEPA Individual","2026-09-17","skipped","2026-09-17","","","",""
"","","""before all"" hook for Business Cards - Relink Card to Existing Wallet","","2026-09-02","unknown","","","","",""
"","205681","Home screen elements are visible","Home Screen - Individual","2026-09-04","passed","2026-09-04","","","",""
"","","""before all"" hook for Price Alerts (iOS/Android)","","2026-09-16","unknown","","","","",""
"","","""before all"" hook for Add Funds – Salary, Stipend or Pension","","2026-08-19","unknown","","","","",""
"","32157","O-1.1 Generate test identity, open onboarding and enter mobile number","Onboarding - account creation","2026-09-05","passed","2026-09-05","","","",""
"","14473","HM-STORY-1.6 Verify Home screen layout remains stable","Home Screen - Storyly widget","2026-09-04","passed","2026-09-04","","","",""
"","114326","adds instrument to watchlist (from existing list)","Watchlist (iOS/Android)","2026-06-09","passed","2026-06-09","","","",""
"","63019","BT-SEPA-1.2 Open SEPA payment review with configured amount (Android)","Bank Transfer - Individual - SEPA","2026-09-05","broken","2026-09-05","","","",""
"","1830","VOP-2.5 Close VOP sheet","VOP - Beneficiary Creation (Android)","2026-08-10","passed","2026-08-10","","","",""
"","276842","creates, freezes and deletes a physical card","Physical card creation, freezing and deletion - Individual","2026-08-25","passed","2026-08-25","","","",""
"","3196","PD-1.11 Verify first name saved (TC1543)","Personal Details — read-only verification (TC1535-1546)","2026-09-12","passed","2026-09-12","","","",""
"","","""before all"" hook for Bank Transfer - Individual","","2026-09-05","unknown","","","","",""
"","","""before all"" hook for Cash Funds (Mobile)","","2026-08-21","unknown","","","","",""
"","492","CB-1.7 Review Payment button is present","Cross-Border Payment - SWIFT (Android)","2026-09-04","passed","2026-09-04","","","",""
"","8731","SEARCH-1.2 Search cat and verify Carlos Cat","Home Search - Individual","2026-09-05","passed","2026-09-05","","","",""
"","71499","opens portfolio page (from Invest)","Portfolio (iOS/Android)","2026-05-22","passed","2026-05-22","","","",""
"","1","BT-SEPA-1.7 Close details and verify negative amount on Home (iOS)","Bank Transfer - Individual - SEPA","2026-09-05","skipped","2026-09-05","","","",""
"","15658","FX-1.6 [Android] EUR → GBP: exchange rate is calculated and displayed in to-amount field","FX Exchange","2026-08-11","broken","2026-08-11","","","",""
"","221019","PC-1.1 Create physical card (iOS)","Physical card creation, freezing and deletion - Individual","2026-09-17","passed","2026-09-17","","","",""
"","18982","HS-1.3 Account balance is displayed","Home Screen - Individual","2026-09-05","passed","2026-09-05","","","",""
"","28866","SWIFT-1.3 Verify transaction on Home (iOS)","Bank Transfer - SWIFT Individual","2026-09-17","passed","2026-09-17","","","",""
"","15550","AB-USD-1.5 Select country for SWIFT payment","Add Beneficiary - Another person (USD) - step by step","2026-08-25","passed","2026-08-25","","","",""
"","479","HS-1.1 Home screen loads","Home Screen - Individual","2026-09-05","passed","2026-09-05","","","",""
"","25","PC-1.11 Exercise Freeze and block the physical card (iOS)","Physical card creation and blocking - Individual","2026-09-05","skipped","2026-09-05","","","",""
"","","""before all"" hook for Orders (iOS/Android)","","2026-08-06","unknown","","","","",""
"","","""before all"" hook for Business identity","","2026-09-04","unknown","","","","",""
"","","""before all"" hook for Card freeze/unfreeze - Joint account","","2026-09-16","unknown","","","","",""
"","374","BCF-1.5 Verify card is frozen — Unfreeze button visible","Business Cards - Freeze/UnFreeze Other User Virtual Card","2026-09-03","passed","2026-09-03","","","",""
"","838","VOP-2.1 VOP screen is displayed after submitting beneficiary details","VOP - Beneficiary Creation (Android)","2026-09-04","passed","2026-09-04","","","",""
"","","""before all"" hook for Portfolio (iOS/Android)","","2026-05-26","unknown","","","","",""
"","5380","ABC-1.4 Select Physical Card type","Business Cards - Assign Physical card","2026-09-04","passed","2026-09-04","","","",""
"","22417","should open Pay tab in Business context","BT | Bank Transfer - Business","2026-02-16","broken","2026-02-16","","","",""
"","","""before all"" hook for FX Exchange","","2026-09-05","unknown","","","","",""
"","","""before all"" hook for Home Search - Individual","","2026-09-09","unknown","","","","",""
"","5167","VOP-2.5 Close VOP sheet","VOP - Beneficiary Creation (Android)","2026-09-04","passed","2026-09-04","","","",""
"","","""before all"" hook for Business Cards - Card Limit Reached (TC1745/TC1747)","","2026-08-05","unknown","","","","",""
"","16933","BCAS-1.3 Select Virtual Card type","Business Cards - Admin Self-Assign Card Blocked","2026-08-05","broken","2026-08-05","","","",""
"","13","3DS2-1.11 Verify action buttons","3DS2 Authentication","2026-07-02","skipped","2026-07-02","","","",""
"","13421","HM-STORY-1.6 Verify Home screen layout remains stable","Home Screen - Storyly widget","2026-08-19","passed","2026-08-19","","","",""
"","20203","AFBT-2.2 Open Add Funds","Add Funds - Bank Transfer - Wallet Manager","2026-08-17","passed","2026-08-17","","","",""
"","94811","HM-STORY-1.1 Login and land on Home screen","Home Screen - Storyly widget","2026-08-19","passed","2026-08-19","","","",""
"","6902","ABC-1.8 Verify new card details screen","Business Cards - Assign Physical card and lifecycle","2026-06-26","broken","2026-06-26","","","",""
"","","""before all"" hook for Auto Top-Up","","2026-04-27","unknown","","","","",""
"","97430","PO-1.2 Find BMW and place buy order (iOS)","Orders (iOS/Android)","2026-09-17","passed","2026-09-17","","","",""
"","111623","creates BMW buy order","Orders (iOS/Android)","2026-08-25","passed","2026-08-25","","","",""
"","7222","PD-1.10 Save changes (TC1542)","Personal Details — read-only verification (TC1535-1546)","2026-09-12","passed","2026-09-12","","","",""
"","8118","AB-USD-1.8 Enter account number","Add Beneficiary - Another person (USD) - step by step","2026-09-04","passed","2026-09-04","","","",""
"","","""before all"" hook for Portfolio (iOS/Android)","","2026-08-22","unknown","","","","",""
"","14899","AB-USD-1.9 Enter BIC/SWIFT code and continue","Add Beneficiary - Another person (USD) - step by step","2026-08-25","passed","2026-08-25","","","",""
"","","""before all"" hook for Price Alerts (iOS/Android)","","2026-08-18","unknown","","","","",""
"","306639","creates a new individual account through mobile verification","Onboarding - account creation","2026-08-25","passed","2026-08-25","","","",""
"","4","ATU-1.2 Set preset 500 and custom amount 1500","Auto Top-Up","2026-09-18","skipped","2026-09-18","","","",""
"","","""before all"" hook for Business Cards - Admin Self-Assign Card Blocked","","2026-08-04","unknown","","","","",""
"","","""before all"" hook for Orders (iOS/Android)","","2026-09-17","unknown","","","","",""
"","","""before all"" hook for FX Exchange","","2026-08-12","unknown","","","","",""
"","5","Android: User can open Auto Top-Up entry from Add Funds popup","Auto Top-Up","2026-03-19","skipped","2026-03-19","","","",""
"","213376","Send P2P by slide (11 EUR)","Bank Transfer - Individual","2026-09-04","passed","2026-09-04","","","",""
"","13","3DS2-1.8 Verify card section","3DS2 Authentication","2026-07-02","skipped","2026-07-02","","","",""
"","","""before all"" hook for Price Alerts (iOS/Android)","","2026-08-21","unknown","","","","",""
"","","""before all"" hook for Business Cards - Relink Card to Existing Wallet","","2026-08-03","unknown","","","","",""
"","","""before all"" hook for VOP - SEPA (Android)","","2026-09-04","unknown","","","","",""
"","12435","AB-USD-1.9 Enter BIC/SWIFT code and continue","Add Beneficiary - Another person (USD) - step by step","2026-08-19","passed","2026-08-19","","","",""
"","1163","BCF-1.7 Verify card is active again — Freeze button visible","Business Cards - Freeze/UnFreeze Other User Virtual Card","2026-08-03","passed","2026-08-03","","","",""
"","","""before all"" hook for Add Funds","","2026-09-16","unknown","","","","",""
"","","""before all"" hook for Home Search - Individual","","2026-09-17","unknown","","","","",""
"","17651","BCCL-2.1 Dismiss limit popup and return to Assign Card form","Business Cards - Card Limit Reached (TC1745/TC1747)","2026-08-25","broken","2026-08-25","","","",""
"","","""before all"" hook for Portfolio (iOS/Android)","","2026-08-22","unknown","","","","",""
"","71955","Android: User can create and delete Auto Top-Up rule (Other -> 77777)","Auto Top-Up","2026-03-19","broken","2026-03-19","","","",""
"","12806","AB-USD-1.3 Tap Add Beneficiary","Add Beneficiary - Another person (USD) - step by step","2026-09-04","passed","2026-09-04","","","",""
"","18515","FX-1.6 EUR → CHF: to-amount recalculates when destination wallet changes","FX Exchange","2026-09-04","passed","2026-09-04","","","",""
"","","""before all"" hook for Home Screen - Individual","","2026-09-05","unknown","","","","",""
"","393","BCF-1.7 Verify card is active again — Freeze button visible","Business Cards - Freeze/UnFreeze Other User Virtual Card","2026-09-04","passed","2026-09-04","","","",""
"","","""before all"" hook for Price Alerts (iOS/Android)","","2026-04-27","unknown","","","","",""
"","243688","Send SWIFT by slide (11)","Bank Transfer - Individual - SWIFT","2026-08-25","passed","2026-08-25","","","",""
"","4887","TX-1.3 Tap Show All from Recent Activity","Transactions","2026-09-04","passed","2026-09-04","","","",""
"","13942","FX-1.3 [Android] From wallet selector shows available balance after selecting EUR","FX Exchange","2026-08-13","passed","2026-08-13","","","",""
"","","""before all"" hook for Portfolio (iOS/Android)","","2026-09-02","unknown","","","","",""
"","8426","CB-1.5 Fee picker bottom sheet is shown with both options","Cross-Border Payment - SWIFT (Android)","2026-09-04","passed","2026-09-04","","","",""
"","","""before all"" hook for FX Exchange","","2026-08-12","unknown","","","","",""
"","13587","AB-USD-1.5 Select country for SWIFT payment","Add Beneficiary - Another person (USD) - step by step","2026-08-19","passed","2026-08-19","","","",""
"","24","SSP-1.5 Verify instruction screen shows IBAN, BIC and Bank Name fields","Add Funds – Salary, Stipend or Pension","2026-09-04","passed","2026-09-04","","","",""
"","","""before all"" hook for Business Cards - Relink Card to Existing Wallet","","2026-09-02","unknown","","","","",""
"","808","VOP-1.1 VOP sheet is displayed after Review Payment","VOP - SWIFT (Android)","2026-08-10","passed","2026-08-10","","","",""
"","","""before all"" hook for Business Cards - Relink Card to Existing Wallet","","2026-08-03","unknown","","","","",""
"","284","TX-1.5 Verify Transactions header is displayed","Transactions","2026-08-20","passed","2026-08-20","","","",""
"","97","VOP-1.2 VOP close button is present","VOP - SEPA (Android)","2026-08-10","passed","2026-08-10","","","",""
"","429","BCCL-1.5 Verify ""User Limit Reached"" for virtual cards (TC1745)","Business Cards - Card Limit Reached (TC1745/TC1747)","2026-09-03","passed","2026-09-03","","","",""
"","5624","MPP-1.3 Select Price Plan option","My Price Plan","2026-09-04","passed","2026-09-04","","","",""
"","431","MPP-1.4 Verify Price Plan page loads successfully","My Price Plan","2026-09-04","passed","2026-09-04","","","",""
"","57","3DS2-1.3 Receive push notification","3DS2 Authentication","2026-07-02","passed","2026-07-02","","","",""
"","199393","creates, modifies, and cancels BMW buy order","Orders (iOS/Android)","2026-04-30","passed","2026-04-30","","","",""
"","10417","HM-STORY-1.4 Verify Storyly widget position","Home Screen - Storyly widget","2026-09-04","passed","2026-09-04","","","",""
"","915","HS-1.11 Verify bottom navigation","Home Screen - Individual","2026-09-17","passed","2026-09-17","","","",""
"","","""before all"" hook for Auto Top-Up","","2026-03-25","unknown","","","","",""
"","","Add beneficiary (Another person)","Add Beneficiary - Another person","2026-09-05","unknown","","","","",""
"","109403","opens portfolio page (from Invest)","Portfolio (iOS/Android)","2026-05-26","broken","2026-05-26","","","",""
"","651","HS-1.6 Verify promo banners","Home Screen - Individual","2026-09-17","passed","2026-09-17","","","",""
"","5354","SWIFT-1.2 Submit and verify success (Android)","Bank Transfer - SWIFT Individual","2026-09-17","passed","2026-09-17","","","",""
"","38035","opens 3.5% Simonds Farsons Cisk 2027 (via NEXT x2)","Portfolio (iOS/Android)","2026-08-13","passed","2026-08-13","","","",""
"","21359","ABC-1.11 Report (block) the frozen card","Business Cards - Assign Physical card and lifecycle","2026-06-26","broken","2026-06-26","","","",""
"","14754","AB-USD-1.5 Select country for SWIFT payment","Add Beneficiary - Another person (USD) - step by step","2026-09-04","passed","2026-09-04","","","",""
"","17937","FX-1.8 Complete EUR → USD exchange — transaction appears on home screen","FX Exchange","2026-08-11","broken","2026-08-11","","","",""
"","59714","BT-SWIFT-1.4 Verify SWIFT payment result (Android)","Bank Transfer - Individual - SWIFT","2026-09-05","passed","2026-09-05","","","",""
"","","""before all"" hook for Portfolio (iOS/Android)","","2026-08-25","unknown","","","","",""
"","","""before all"" hook for Portfolio (iOS)","","2026-04-23","unknown","","","","",""
"","","""before all"" hook for Bank Transfer - P2P Individual","","2026-09-16","unknown","","","","",""
"","","""before all"" hook for Auto Top-Up","","2026-08-21","unknown","","","","",""
"","","""before all"" hook for Business Cards - Assign Physical card","","2026-09-03","unknown","","","","",""
"","","""before all"" hook for Auto Top-Up","","2026-08-22","unknown","","","","",""
"","","""before all"" hook for Cash Funds (Mobile)","","2026-09-14","unknown","","","","",""
"","","Android: add beneficiary (Another person)","Add Beneficiary - Another person","2026-02-26","unknown","","","","",""
"","3274","BCNR-1.5 Dismiss alert","Business Cards - No-Rights User Add Card Blocked","2026-08-05","passed","2026-08-05","","","",""
"","4127","AF-1.3 Enter amount 11","Add Funds","2026-09-16","passed","2026-09-16","","","",""
"","","""before all"" hook for Card freeze/unfreeze - Joint account","","2026-09-05","unknown","","","","",""
"","53206","PO-1.1 Select Individual account","Orders (iOS/Android)","2026-09-05","passed","2026-09-05","","","",""
"","11412","BCW-1.4 Select Virtual Card type","Business Cards - Create New Wallet (TC1717/TC1718/TC1719)","2026-09-02","passed","2026-09-02","","","",""
"","1005","ABC-1.12 Return to cards list","Business Cards - Assign Physical card","2026-07-22","passed","2026-07-22","","","",""
"","","""before all"" hook for Price Alerts (iOS/Android)","","2026-06-11","unknown","","","","",""
"","","""before all"" hook for FX Exchange","","2026-08-11","unknown","","","","",""
"","104913","exchanges from EUR to Dollar wallet and verifies Exchanged to USD on home","FX Exchange","2026-04-02","passed","2026-04-02","","","",""
"","22176","BCW-1.11 Verify ""Add Wallet"" dialog appears","Business Cards - Create New Wallet (TC1717/TC1718/TC1719)","2026-08-04","broken","2026-08-04","","","",""
"","","""before all"" hook for Personal Details — read-only verification (TC1535-1546)","","2026-09-08","unknown","","","","",""
"","","""before all"" hook for Bank Transfer - P2P Individual","","2026-09-16","unknown","","","","",""
"","5831","BCCL-2.1 Dismiss limit popup and return to Assign Card form","Business Cards - Card Limit Reached (TC1745/TC1747)","2026-09-03","passed","2026-09-03","","","",""
"","460","HS-1.7 Verify pending transactions","Home Screen - Individual","2026-09-17","passed","2026-09-17","","","",""
"","6128","BCW-1.11 Tap Add to submit","Business Cards - Create New Wallet (TC1717/TC1718/TC1719)","2026-09-02","passed","2026-09-02","","","",""
"","64869","Android: User can create Auto Top-Up rule and return to Home","Auto Top-Up","2026-03-19","passed","2026-03-19","","","",""
"","","User can proceed top up balance via card","Add Funds","2026-06-04","unknown","","","","",""
"","250147","Send SEPA by slide (11 EUR)","Bank Transfer - Individual - SEPA","2026-09-04","passed","2026-09-04","","","",""
"","","""before all"" hook for Cash Funds (Mobile)","","2026-09-17","unknown","","","","",""
"","","""before all"" hook for Home Search - Individual","","2026-09-18","unknown","","","","",""
"","175248","creates, modifies, and cancels BMW buy order","Orders (iOS/Android)","2026-07-14","passed","2026-07-14","","","",""
"","46693","User can open Pay tab in Business context","Bank Transfer - Business","2026-02-16","passed","2026-02-16","","","",""
"","22321","BCW-1.8 Verify New Wallet form is displayed","Business Cards - Create New Wallet (TC1717/TC1718/TC1719)","2026-08-04","broken","2026-08-04","","","",""
"","","""before all"" hook for Auto Top-Up","","2026-03-25","unknown","","","","",""
"","9598","MPP-1.4 Verify Price Plan page loads successfully","My Price Plan","2026-08-19","broken","2026-08-19","","","",""
"","460","TX-1.7 Verify transactions are grouped by date","Transactions","2026-09-04","passed","2026-09-04","","","",""
"","1006","TX-2.4 Verify navigation to Transactions screen","Transactions","2026-09-01","passed","2026-09-01","","Business identity","",""
"","","""before all"" hook for Business Cards - Admin Self-Assign Card Blocked","","2026-08-04","unknown","","","","",""
"","","""before all"" hook for Portfolio (iOS/Android)","","2026-08-22","unknown","","","","",""
"","226500","switches between available account types","Home Account Switch","2026-06-09","passed","2026-06-09","","","",""
"","750","VOP-1.2 VOP close button is present","VOP - SEPA (Android)","2026-09-01","passed","2026-09-01","","","",""
"","4640","CB-1.5 Fee picker bottom sheet is shown with both options","Cross-Border Payment - SWIFT (Android)","2026-08-11","passed","2026-08-11","","","",""
"","","""before all"" hook for Business Cards - Admin Self-Assign Card Blocked","","2026-08-06","unknown","","","","",""
"","","""before all"" hook for Cash Funds (Mobile)","","2026-08-25","unknown","","","","",""
"","944","BCW-1.10 Enter wallet name ""AutoWallet_050385""","Business Cards - Create New Wallet (TC1717/TC1718/TC1719)","2026-09-02","passed","2026-09-02","","","",""
"","28794","ABS-1.1 Open Add Beneficiary and select Another person (iOS)","Add Beneficiary - Another person","2026-09-13","broken","2026-09-13","","","",""
"","155669","HM-STORY-1.1 Login and land on Home screen","Home Screen - Storyly widget","2026-08-19","passed","2026-08-19","","","",""
"","362","VOP-2.4 VOP close button is present","VOP - Beneficiary Creation (Android)","2026-09-04","passed","2026-09-04","","","",""
"","1703","VOP-1.2 VOP result label shows a valid result","VOP - SWIFT (Android)","2026-08-10","broken","2026-08-10","","","",""
"","163529","exchanges from EUR to Dollar wallet and verifies Exchanged to USD on home","FX Exchange","2026-07-20","passed","2026-07-20","","","",""
"","12153","opens Cash Funds from Invest -> Discover","Cash Funds (Mobile)","2026-09-04","passed","2026-09-04","","","",""
"","72432","creates a new individual account through mobile verification","Onboarding - iOS","2026-06-02","broken","2026-06-02","","","",""
"","840","BCT-2.2 Verify Manage Cards screen is displayed","Business Cards - Create and Terminate Own Virtual Card","2026-09-02","passed","2026-09-02","","","",""
"","4814","ABC-1.8 Confirm assignee address and submit","Business Cards - Assign Physical card","2026-09-04","passed","2026-09-04","","","",""
"","4188","ABC-1.7 Confirm assignee address and submit","Business Cards - Assign Physical card and lifecycle","2026-06-26","passed","2026-06-26","","","",""
"","122545","AB-USD-1.11 Confirm OTP and verify beneficiary created successfully","Add Beneficiary - Another person (USD) - step by step","2026-09-04","passed","2026-09-04","","","",""
"","","""before all"" hook for Bank Transfer - P2P Individual","","2026-09-16","unknown","","","","",""
"","64464","create and delete price alert (BMW)","Price Alerts (iOS/Android)","2026-07-20","broken","2026-07-20","","","",""
"","","""before all"" hook for Orders (iOS/Android)","","2026-08-06","unknown","","","","",""
"","10078","HS-1.4 Tap action buttons","Home Screen - Individual","2026-09-17","passed","2026-09-17","","","",""
"","294872","creates, modifies, and cancels BMW buy order","Orders Regression (iOS/Android)","2026-09-04","passed","2026-09-04","","","",""
"","35978","CPA-1.3 Open Price Alerts and select BMW (Android)","Price Alerts (iOS/Android)","2026-09-05","passed","2026-09-05","","","",""
"","","""before all"" hook for Business Cards - Create and Terminate Own Virtual Card","","2026-09-02","unknown","","","","",""
"","272","TX-1.2 Verify Recent Activity section is visible","Transactions","2026-08-20","passed","2026-08-20","","","",""
"","13393","VOP-1.3 Assert VOP result is Unavailable","VOP - SWIFT","2026-08-10","broken","2026-08-10","","","",""
"","4319","AF-1.2 Go to card top up","Add Funds","2026-09-17","passed","2026-09-17","","","",""
"","339620","Add beneficiary (Another person)","Add Beneficiary - Another person","2026-08-06","broken","2026-08-06","","","",""
"","","""before all"" hook for Business Cards - Assign Physical card","","2026-09-02","unknown","","","","",""
"","434","PF-1.2 Wait for Home","Portfolio (iOS/Android)","2026-09-05","passed","2026-09-05","","","",""
"","21","ABS-1.7 Complete beneficiary OTP handling (iOS)","Add Beneficiary - Another person","2026-09-05","skipped","2026-09-05","","","",""
"","","""before all"" hook for My Price Plan","","2026-06-23","unknown","","","","",""
"","172","VOP-2.3 VOP result is Unavailable","VOP - Beneficiary Creation (Android)","2026-08-10","passed","2026-08-10","","","",""
"","","""before all"" hook for Auto Top-Up","","2026-03-26","unknown","","","","",""
"","1800","ABC-1.5 Continue with default assignee","Business Cards - Assign Physical card and lifecycle","2026-06-26","passed","2026-06-26","","","",""
"","11673","BCT-2.4 Select Virtual Card type","Business Cards - Create and Terminate Own Virtual Card","2026-09-04","passed","2026-09-04","","","",""
"","33064","FX-1.5 EUR → GBP: exchange rate is calculated and displayed in to-amount field","FX Exchange","2026-09-04","passed","2026-09-04","","","",""
"","","""before all"" hook for Business Cards - Freeze/UnFreeze Other User Virtual Card","","2026-09-01","unknown","","","","",""
"","63201","ABS-1.4 Complete beneficiary OTP handling (Android)","Add Beneficiary - Another person","2026-09-05","passed","2026-09-05","","","",""
"","278614","Create card -> success","Physical card creation - Individual","2026-06-09","broken","2026-06-09","","","",""
"","53","CPA-1.7 Open Price Alerts and select BMW (iOS)","Price Alerts (iOS/Android)","2026-09-05","skipped","2026-09-05","","","",""
"","","""before all"" hook for FX Exchange","","2026-08-12","unknown","","","","",""
"","","""before all"" hook for FX Exchange","","2026-08-12","unknown","","","","",""
"","22321","BCCL-2.3 Select Self as assignee","Business Cards - Card Limit Reached (TC1745/TC1747)","2026-09-01","broken","2026-09-01","","","",""
"","","""before all"" hook for Bank Transfer - SWIFT Individual","","2026-09-16","unknown","","","","",""
"","","""before all"" hook for FX Exchange","","2026-08-12","unknown","","","","",""
"","103141","User can proceed to 3DS after entering card top up amount","Add Funds","2026-02-12","passed","2026-02-12","","","",""
"","","""before all"" hook for Watchlist (iOS/Android)","","2026-09-05","unknown","","","","",""
"","15345","BCCL-2.3 Select Self as assignee","Business Cards - Card Limit Reached (TC1745/TC1747)","2026-09-03","passed","2026-09-03","","","",""
"","2994","BCAS-1.2 Tap Add Card","Business Cards - Admin Self-Assign Card Blocked","2026-08-05","passed","2026-08-05","","","",""
"","54597","HM-STORY-1.7 Verify Storyly content loads successfully","Home Screen - Storyly widget","2026-08-19","broken","2026-08-19","","","",""
"","1435","BCNR-1.3 Verify no-rights blocked alert appears","Business Cards - No-Rights User Add Card Blocked","2026-09-02","passed","2026-09-02","","","",""
"","","""before all"" hook for Watchlist (iOS)","","2026-04-27","unknown","","","","",""
"","495","BCR-3.5 Verify Select Wallet sheet is displayed","Business Cards - Relink Card to Existing Wallet","2026-07-31","passed","2026-07-31","","","",""
"","","""before all"" hook for Auto Top-Up","","2026-09-16","unknown","","","","",""
"","","""before all"" hook for FX Exchange","","2026-08-12","unknown","","","","",""
"","6381","HS-1.11 Spend Analytics section is visible","Home Screen - Individual","2026-09-05","passed","2026-09-05","","","",""
"","17088","CPA-1.6 Delete BMW alert and verify return to Price Alerts","Price Alerts (iOS/Android)","2026-09-05","passed","2026-09-05","","","",""
"","","""before all"" hook for Portfolio (iOS/Android)","","2026-09-16","unknown","","","","",""
"","50775","P2P-1.1 Open payment screen and fill amount (iOS)","Bank Transfer - P2P Individual","2026-09-16","broken","2026-09-16","","","",""
"","23954","ABC-1.13 Return to cards list","Business Cards - Assign Physical card","2026-09-03","broken","2026-09-03","","","",""
"","","""before all"" hook for Card freeze/unfreeze - Joint account","","2026-09-17","unknown","","","","",""
"","785","BCT-2.2 Verify Manage Cards screen is displayed","Business Cards - Create and Terminate Own Virtual Card","2026-08-03","passed","2026-08-03","","","",""
"","29130","MPP-1.2 Open More tab","My Price Plan","2026-08-19","broken","2026-08-19","","","",""
"","8397","BCT-2.10 Freeze the virtual card (required before termination)","Business Cards - Create and Terminate Own Virtual Card","2026-09-04","passed","2026-09-04","","","",""
"","15130","CARD-1.3 Open Card Security settings","Card Management - Joint account","2026-09-04","passed","2026-09-04","","","",""
"","60612","BT-SWIFT-1.2 Open SWIFT payment review with configured amount (Android)","Bank Transfer - Individual - SWIFT","2026-09-05","passed","2026-09-05","","","",""
"","","""before all"" hook for Home Search - Individual","","2026-09-17","unknown","","","","",""
"","","""before all"" hook for Portfolio (iOS/Android)","","2026-08-18","unknown","","","","",""
"","","""before all"" hook for Business Cards - Admin Self-Assign Card Blocked","","2026-08-06","unknown","","","","",""
"","17931","BCCL-1.3 Select Virtual Card type","Business Cards - Card Limit Reached (TC1745/TC1747)","2026-08-25","broken","2026-08-25","","","",""
"","26347","SWIFT-1.2 Submit and verify success (iOS)","Bank Transfer - SWIFT Individual","2026-09-17","passed","2026-09-17","","","",""
"","","""before all"" hook for Orders (iOS)","","2026-04-28","unknown","","","","",""
"","54325","HM-STORY-1.3 Wait for Storyly widget on Home","Home Screen - Storyly widget","2026-08-19","broken","2026-08-19","","","",""
"","16183","opens 3.5% Simonds Farsons Cisk 2027 (via NEXT x2)","Portfolio (iOS/Android)","2026-08-25","passed","2026-08-25","","","",""
"","472","AFBT-2.9 Verify wallet identifier is displayed","Add Funds - Bank Transfer - Wallet Manager","2026-09-04","passed","2026-09-04","","","",""
"","19571","ABC-1.10 Freeze created card","Business Cards - Assign Physical card","2026-07-22","broken","2026-07-22","","","",""
"","","""before all"" hook for Home Search - Individual","","2026-09-18","unknown","","","","",""
"","","""before all"" hook for FX Exchange","","2026-08-12","unknown","","","","",""
"","","User can navigate to Add New Auto Top-Up screen","Auto Top-Up","2026-03-19","unknown","","","","",""
"","","""before all"" hook for Business Cards - No-Rights User Add Card Blocked","","2026-09-01","unknown","","","","",""
"","260164","Send SEPA by slide (11 EUR)","Bank Transfer - Individual - SEPA","2026-09-04","passed","2026-09-04","","","",""
"","22083","PO-1.3 Find BMW and open New Buy Order (Android)","Orders (iOS/Android)","2026-09-05","passed","2026-09-05","","","",""
"","","""before all"" hook for Business Cards - Card Limit Reached (TC1745/TC1747)","","2026-09-02","unknown","","","","",""
"","78831","adds instrument to watchlist (from existing list)","Watchlist (iOS/Android)","2026-06-06","broken","2026-06-06","","","",""
"","","""before all"" hook for Business identity","","2026-08-19","unknown","","","","",""
"","8696","HM-STORY-1.7 Verify Storyly content loads successfully","Home Screen - Storyly widget","2026-09-04","passed","2026-09-04","","","",""
"","","""before all"" hook for FX Exchange","","2026-08-12","unknown","","","","",""
"","","""before all"" hook for Portfolio (iOS/Android)","","2026-04-30","unknown","","","","",""
"","8230","AF-1.2 Go to card top up","Add Funds","2026-09-16","passed","2026-09-16","","","",""
"","145991","Android: send P2P by slide (11 EUR)","Bank Transfer - Individual","2026-03-03","broken","2026-03-03","","","",""
"","","""before all"" hook for Watchlist (iOS/Android)","","2026-08-17","unknown","","","","",""
"","205395","switches between available account types","Home Account Switch","2026-08-17","broken","2026-08-17","","","",""
"","","""before all"" hook for Business Cards - Card Limit Reached (TC1745/TC1747)","","2026-09-01","unknown","","","","",""
"","389","BCT-2.7 Verify card assigned successfully","Business Cards - Create and Terminate Own Virtual Card","2026-09-04","passed","2026-09-04","","","",""
"","30","3DS2-1.6 Verify header section","3DS2 Authentication","2026-07-02","skipped","2026-07-02","","","",""
"","","""before all"" hook for Orders (iOS/Android)","","2026-07-08","unknown","","","","",""
"","384","BCR-3.2 Verify Manage Cards screen is displayed","Business Cards - Relink Card to Existing Wallet","2026-07-31","passed","2026-07-31","","","",""
"","195013","freezes and unfreezes an active physical card","Card freeze/unfreeze - Joint account","2026-09-04","passed","2026-09-04","","","",""
"","58","VOP-2.1 VOP screen is displayed after submitting beneficiary details","VOP - Beneficiary Creation (Android)","2026-08-10","passed","2026-08-10","","","",""
"","356","CPA-1.2 Wait for Home","Price Alerts (iOS/Android)","2026-09-05","passed","2026-09-05","","","",""
"","","""before all"" hook for Bank Transfer - SEPA Individual","","2026-09-17","unknown","","","","",""
"","6151","ABC-1.2 Tap Add New Card","Business Cards - Assign Physical card","2026-09-03","passed","2026-09-03","","","",""
"","","""before all"" hook for Orders (iOS/Android)","","2026-09-02","unknown","","","","",""
"","87065","AUTH-1.3 OTP countdown is shown and Resend becomes active (TC204)","Authentication - Security","2026-09-04","passed","2026-09-04","","","",""
"","3818","BCT-2.8 Close success sheet and return to Manage Cards","Business Cards - Create and Terminate Own Virtual Card","2026-08-03","passed","2026-08-03","","","",""
"","","""before all"" hook for Orders (iOS/Android)","","2026-05-27","unknown","","","","",""
"","","""before all"" hook for Orders (iOS/Android)","","2026-08-21","unknown","","","","",""
"","57768","AB-USD-1.10 Enter beneficiary address and continue","Add Beneficiary - Another person (USD) - step by step","2026-09-04","passed","2026-09-04","","","",""
"","","""before all"" hook for Price Alerts (iOS/Android)","","2026-04-21","unknown","","","","",""
"","","""before all"" hook for FX Exchange","","2026-09-16","unknown","","","","",""
"","","""before all"" hook for Card freeze/unfreeze - Joint account","","2026-09-16","unknown","","","","",""
"","122739","Home search returns Carlos Cat for query ""cat""","Home Search - Individual","2026-07-14","passed","2026-07-14","","","",""
"","281570","creates, modifies, and cancels BMW buy order","Orders (iOS/Android)","2026-06-09","passed","2026-06-09","","","",""
"","","""before all"" hook for Bank Transfer - P2P Individual","","2026-09-17","unknown","","","","",""
"","","""before all"" hook for FX Exchange","","2026-08-12","unknown","","","","",""
"","1756","BCW-1.13 Verify dialog message indicates plan wallet limit reached","Business Cards - Create New Wallet (TC1717/TC1718/TC1719)","2026-09-02","passed","2026-09-02","","","",""
"","7398","CB-1.8 (TC2422) Switching source wallet recalculates balance and fee","Cross-Border Payment - SWIFT (Android)","2026-08-11","passed","2026-08-11","","","",""
"","33244","FX-1.7 Complete EUR exchange","FX Exchange","2026-08-13","passed","2026-08-13","","","",""
"","5659","CB-1.10 (TC505) Complete SWIFT payment and verify success","Cross-Border Payment - SWIFT (Android)","2026-09-04","passed","2026-09-04","","","",""
"","13611","BCCL-1.1 Open Manage Cards","Business Cards - Card Limit Reached (TC1745/TC1747)","2026-09-03","passed","2026-09-03","","","",""
"","98333","AB-USD-1.11 Confirm OTP and verify beneficiary created successfully","Add Beneficiary - Another person (USD) - step by step","2026-08-25","broken","2026-08-25","","","",""
"","","""before all"" hook for Bank Transfer - SWIFT Individual","","2026-09-17","unknown","","","","",""
"","77251","opens Cash Funds from Invest -> Discover","Cash Funds (Mobile)","2026-06-09","passed","2026-06-09","","","",""
"","13525","AB-USD-1.9 Enter BIC/SWIFT code and continue","Add Beneficiary - Another person (USD) - step by step","2026-09-04","passed","2026-09-04","","","",""
"","469","TX-1.8 Verify no loading or navigation errors occur","Transactions","2026-09-04","passed","2026-09-04","","","",""
"","","""before all"" hook for Auto Top-Up","","2026-08-07","unknown","","","","",""
"","29573","ATU-1.4 Find the rule, delete it and verify absence","Auto Top-Up","2026-09-16","passed","2026-09-16","","","",""
"","6075","ABC-1.6 Continue with selected assignee","Business Cards - Assign Physical card","2026-09-04","passed","2026-09-04","","","",""
"","","""before all"" hook for Orders (iOS/Android)","","2026-05-26","unknown","","","","",""
"","","""before all"" hook for FX Exchange","","2026-08-12","unknown","","","","",""
"","6514","BCF-1.3 Open Dmytri Kerteusz card details","Business Cards - Freeze/UnFreeze Other User Virtual Card","2026-09-04","passed","2026-09-04","","","",""
"","18731","ABC-1.6 Order default card design","Business Cards - Assign Physical card","2026-07-22","broken","2026-07-22","","","",""
"","34","VOP-2.3 VOP screen shows the passed last name","VOP - Beneficiary Creation (Android)","2026-08-10","passed","2026-08-10","","","",""
"","161835","Create card -> success","Physical card creation - Individual","2026-04-29","passed","2026-04-29","","","",""
"","70975","AUTH-1.3 OTP countdown is shown and Resend becomes active (TC204)","Authentication - Security","2026-07-30","passed","2026-07-30","","","",""
"","24","PO-1.6 Cancel order and verify CANCELLED with modified quantity (iOS)","Orders (iOS/Android)","2026-09-05","skipped","2026-09-05","","","",""
"","82661","opens 3.5% Simonds Farsons Cisk 2027 (via NEXT x2)","Portfolio (iOS/Android)","2026-06-06","passed","2026-06-06","","","",""
"","","""before all"" hook for Cash Funds (iOS)","","2026-04-20","unknown","","","","",""
"","","""before all"" hook for Portfolio (iOS/Android)","","2026-09-16","unknown","","","","",""
"","764","BCAS-1.3 Verify admin self-assign blocked popup appears","Business Cards - Admin Self-Assign Card Blocked","2026-08-06","passed","2026-08-06","","","",""
"","98221","AB-USD-1.11 Confirm OTP and verify beneficiary created successfully","Add Beneficiary - Another person (USD) - step by step","2026-09-04","broken","2026-09-04","","","",""
"","42","opens portfolio page (from Invest)","Portfolio (iOS)","2026-04-29","skipped","2026-04-29","","","",""
"","217884","Home screen elements are visible","Home Screen - Individual","2026-07-14","passed","2026-07-14","","","",""
"","365","AFBT-2.6 Verify all available wallets are displayed","Add Funds - Bank Transfer - Wallet Manager","2026-08-17","passed","2026-08-17","","","",""
"","","""before all"" hook for Price Alerts (iOS/Android)","","2026-08-21","unknown","","","","",""
"","22348","ABC-1.14 Verify created card was removed","Business Cards - Assign Physical card","2026-09-02","broken","2026-09-02","","","",""
"","698","MPP-1.9 Verify included benefits displayed","My Price Plan","2026-08-19","passed","2026-08-19","","","",""
"","","""before all"" hook for Business Cards - Admin Self-Assign Card Blocked","","2026-08-04","unknown","","","","",""
"","80850","opens 3.5% Simonds Farsons Cisk 2027 (via NEXT x2)","Portfolio (iOS/Android)","2026-06-09","passed","2026-06-09","","","",""
"","","""before all"" hook for Card Management - Joint account","","2026-07-29","unknown","","","","",""
"","18904","AB-USD-1.5 Select country for SWIFT payment","Add Beneficiary - Another person (USD) - step by step","2026-09-04","passed","2026-09-04","","","",""
"","","""before all"" hook for Watchlist (iOS)","","2026-04-28","unknown","","","","",""
"","359099","Create card -> success","Physical card creation - Individual","2026-06-06","broken","2026-06-06","","","",""
"","43324","BCT-2.9 Open own virtual card once it becomes Active (wait from Pending)","Business Cards - Create and Terminate Own Virtual Card","2026-09-04","passed","2026-09-04","","","",""
"","192946","freezes and unfreezes an active physical card","Card freeze/unfreeze - Joint account","2026-08-25","passed","2026-08-25","","","",""
"","53662","HM-STORY-1.10 Close Storyly viewer and return to Home","Home Screen - Storyly widget","2026-08-19","broken","2026-08-19","","","",""
"","6688","AB-USD-1.4 Select beneficiary type","Add Beneficiary - Another person (USD) - step by step","2026-09-04","passed","2026-09-04","","","",""
"","","""before all"" hook for Auto Top-Up","","2026-08-06","unknown","","","","",""
"","","""before all"" hook for Auto Top-Up","","2026-08-17","unknown","","","","",""
"","","""before all"" hook for Add Beneficiary - Another person (USD) - step by step","","2026-09-04","unknown","","","","",""
"","","""before all"" hook for Price Alerts (iOS/Android)","","2026-09-16","unknown","","","","",""
"","","""before all"" hook for Watchlist (iOS/Android)","","2026-09-16","unknown","","","","",""
"","25965","FX-1.7 Complete EUR exchange","FX Exchange","2026-09-04","passed","2026-09-04","","","",""
"","","""before all"" hook for Price Alerts (iOS/Android)","","2026-08-22","unknown","","","","",""
"","97573","creates BMW buy order","Orders (iOS/Android)","2026-08-25","passed","2026-08-25","","","",""
"","235","TX-2.7 Verify transactions are grouped by date","Transactions","2026-08-20","passed","2026-08-20","","Business identity","",""
"","43742","P2P-1.1 Open payment screen and fill amount (iOS)","Bank Transfer - P2P Individual","2026-09-17","passed","2026-09-17","","","",""
"","","""before all"" hook for Card freeze/unfreeze - Joint account","","2026-09-17","unknown","","","","",""
"","87688","create price alert (BMW)","Price Alerts (iOS/Android)","2026-07-28","passed","2026-07-28","","","",""
"","89837","User can proceed top up balance via card","Add Funds","2026-04-02","passed","2026-04-02","","","",""
"","57298","PO-1.7 Find BMW and open New Buy Order (Android)","Orders (iOS/Android)","2026-09-05","broken","2026-09-05","","","",""
"","7904","BCR-3.6 Select a random wallet that is not the currently assigned one","Business Cards - Relink Card to Existing Wallet","2026-09-04","passed","2026-09-04","","","",""
"","15555","CB-1.8 (TC2422) Switching source wallet recalculates balance and fee","Cross-Border Payment - SWIFT (Android)","2026-09-04","passed","2026-09-04","","","",""
"","","""before all"" hook for FX Exchange","","2026-08-12","unknown","","","","",""
"","","""before all"" hook for Business Cards - Admin Self-Assign Card Blocked","","2026-08-04","unknown","","","","",""
"","","""before all"" hook for Business Cards - Admin Self-Assign Card Blocked","","2026-09-03","unknown","","","","",""
"","5925","ABC-1.7 Order default card design","Business Cards - Assign Physical card","2026-09-04","passed","2026-09-04","","","",""
"","","""before all"" hook for Portfolio (iOS/Android)","","2026-09-02","unknown","","","","",""
"","5339","FC-1.3 Unfreeze card and verify Freeze action","Card freeze/unfreeze - Joint account","2026-09-05","passed","2026-09-05","","","",""
"","","User can open Pay tab","Bank Transfer - Individual","2026-02-17","unknown","","","","",""
"","14001","HS-SA-1.2 Spend Analytics section is visible","Home Screen - Spend Analytics","2026-09-04","passed","2026-09-04","","","",""
"","","""before all"" hook for FX Exchange","","2026-08-12","unknown","","","","",""
"","17769","BCCL-2.4 Verify ""User card limit reached"" for physical cards (TC1747)","Business Cards - Card Limit Reached (TC1745/TC1747)","2026-08-25","broken","2026-08-25","","","",""
"","","""before all"" hook for Bank Transfer - P2P Individual","","2026-09-16","unknown","","","","",""
"","13524","BCT-2.5 Select self (Dmytro Kertys) as assignee","Business Cards - Create and Terminate Own Virtual Card","2026-08-03","passed","2026-08-03","","","",""
"","325577","creates a new individual account through mobile verification","Onboarding - account creation","2026-09-04","passed","2026-09-04","","","",""
"","","""before all"" hook for Business Cards - Assign Physical card","","2026-07-21","unknown","","","","",""
"","","""before all"" hook for Price Alerts (iOS/Android)","","2026-08-22","unknown","","","","",""
"","147","BCCL-2.5 Verify ""User Limit Reached"" for physical cards (TC1747)","Business Cards - Card Limit Reached (TC1745/TC1747)","2026-08-05","passed","2026-08-05","","","",""
"","","""before all"" hook for Orders (iOS/Android)","","2026-05-26","unknown","","","","",""
"","22729","BCCL-1.4 Select Self as assignee","Business Cards - Card Limit Reached (TC1745/TC1747)","2026-08-25","broken","2026-08-25","","","",""
"","14","3DS2-1.12 Verify screen layout and formatting","3DS2 Authentication","2026-07-02","skipped","2026-07-02","","","",""
"","365","AFBT-2.9 Verify wallet identifier is displayed","Add Funds - Bank Transfer - Wallet Manager","2026-08-25","passed","2026-08-25","","","",""
"","5879","BCW-1.3 Tap Assign Card button","Business Cards - Create New Wallet (TC1717/TC1718/TC1719)","2026-09-02","passed","2026-09-02","","","",""
"","8217","CPA-1.4 Check alert surface and create the configured rule (Android)","Price Alerts (iOS/Android)","2026-09-05","passed","2026-09-05","","","",""
"","6801","BCF-1.4 Freeze the card (TC1738)","Business Cards - Freeze/UnFreeze Other User Virtual Card","2026-09-03","passed","2026-09-03","","","",""
"","16436","BCW-1.1 Open More → Administration (TC1717/TC1718/TC1719)","Business Cards - Create New Wallet (TC1717/TC1718/TC1719)","2026-09-02","passed","2026-09-02","","","",""
"","28283","AB-USD-1.10 Enter beneficiary address and continue","Add Beneficiary - Another person (USD) - step by step","2026-09-04","broken","2026-09-04","","","",""
"","","""before all"" hook for Home Search - Individual","","2026-09-18","unknown","","","","",""
"","17333","BCW-1.7 Tap Add New Wallet","Business Cards - Create New Wallet (TC1717/TC1718/TC1719)","2026-08-04","broken","2026-08-04","","","",""
"","","""before all"" hook for Auto Top-Up","","2026-07-01","unknown","","","","",""
"","518","TX-1.2 Verify Recent Activity section is visible","Transactions","2026-09-04","passed","2026-09-04","","","",""
"","6542","AB-USD-1.8 Enter account number","Add Beneficiary - Another person (USD) - step by step","2026-08-19","passed","2026-08-19","","","",""
"","3945","CB-1.10 (TC505) Complete SWIFT payment and verify success","Cross-Border Payment - SWIFT (Android)","2026-08-11","passed","2026-08-11","","","",""
"","6484","BCT-2.12 Verify terminated card appears in Inactive tab (TC1741)","Business Cards - Create and Terminate Own Virtual Card","2026-09-02","passed","2026-09-02","","","",""
"","929","BCW-1.2 Verify Manage Cards screen is displayed","Business Cards - Create New Wallet (TC1717/TC1718/TC1719)","2026-09-02","passed","2026-09-02","","","",""
"","","""before all"" hook for Add Funds","","2026-09-05","unknown","","","","",""
"","254017","LAUNCH-1.1 Login flow and Home Screen verification","Matrix - Smoke","2026-09-17","passed","2026-09-17","","","",""
"","","""before all"" hook for Orders (iOS/Android)","","2026-09-04","unknown","","","","",""
"","","""before all"" hook for Bank Transfer - P2P Individual","","2026-09-17","unknown","","","","",""
"","4827","BCF-1.6 Unfreeze the card (TC1739)","Business Cards - Freeze/UnFreeze Other User Virtual Card","2026-08-03","passed","2026-08-03","","","",""
"","","""before all"" hook for Business Cards - Card Limit Reached (TC1745/TC1747)","","2026-09-03","unknown","","","","",""
"","","""before all"" hook for Bank Transfer - SWIFT Individual","","2026-09-17","unknown","","","","",""
"","","""before all"" hook for Business Cards - Create and Terminate Own Virtual Card","","2026-09-02","unknown","","","","",""
"","306096","ABS-1.3 Complete OTP and verify success (Android)","Add Beneficiary - Another person","2026-09-17","broken","2026-09-17","","","",""
"","9529","BCAS-1.1 Open Cards tab","Business Cards - Admin Self-Assign Card Blocked","2026-09-02","passed","2026-09-02","","","",""
"","1020","BCW-1.10 Enter wallet name ""AutoWallet_050136""","Business Cards - Create New Wallet (TC1717/TC1718/TC1719)","2026-08-04","passed","2026-08-04","","","",""
"","5859","ABC-1.8 Verify success modal and close","Business Cards - Assign Physical card","2026-07-22","passed","2026-07-22","","","",""
"","1","P2P-1.4 Verify transaction on Home (iOS)","Bank Transfer - P2P Individual","2026-09-16","skipped","2026-09-16","","","",""
"","17057","PO-1.5 Verify Sell available after buying (Android)","Orders (iOS/Android)","2026-09-05","broken","2026-09-05","","","",""
"","","""before all"" hook for Auto Top-Up","","2026-06-04","unknown","","","","",""
"","32952","CF-1.1 Freeze and unfreeze active physical card","Card freeze/unfreeze - Joint account","2026-09-17","passed","2026-09-17","","","",""
"","152133","Home search returns Carlos Cat for query ""cat""","Home Search - Individual","2026-06-09","passed","2026-06-09","","","",""
"","36837","SWIFT-1.3 Verify transaction on Home (Android)","Bank Transfer - SWIFT Individual","2026-09-17","passed","2026-09-17","","","",""
"","","""before all"" hook for Business Cards - Admin Self-Assign Card Blocked","","2026-09-04","unknown","","","","",""
"","","""before all"" hook for Cash Funds (Mobile)","","2026-08-21","unknown","","","","",""
"","5512","ABC-1.4 Select Physical Card type","Business Cards - Assign Physical card","2026-09-03","passed","2026-09-03","","","",""
"","","""before all"" hook for Orders (iOS)","","2026-04-28","unknown","","","","",""
"","","""before all"" hook for FX Exchange","","2026-08-12","unknown","","","","",""
"","37587","HS-1.2 Account holder header is displayed","Home Screen - Individual","2026-09-05","passed","2026-09-05","","","",""
"","5623","AFBT-2.4 Open Wallet Manager from Bank Transfer screen","Add Funds - Bank Transfer - Wallet Manager","2026-08-25","passed","2026-08-25","","","",""
"","1045","AFBT-2.7 Verify wallet currency is displayed correctly","Add Funds - Bank Transfer - Wallet Manager","2026-08-19","passed","2026-08-19","","","",""
"","","""before all"" hook for Price Alerts (iOS/Android)","","2026-05-26","unknown","","","","",""
"","59389","Android: add beneficiary (Another person)","Add Beneficiary - Another person","2026-02-26","skipped","2026-02-26","","","",""
"","556","BCW-1.7 Verify Select Wallet sheet is displayed","Business Cards - Create New Wallet (TC1717/TC1718/TC1719)","2026-09-02","passed","2026-09-02","","","",""
"","","""before all"" hook for Portfolio (iOS/Android)","","2026-08-18","unknown","","","","",""
"","1","PO-1.9 Verify Sell is available after buying (Android)","Orders (iOS/Android)","2026-09-05","skipped","2026-09-05","","","",""
"","","""before all"" hook for Card freeze/unfreeze - Joint account","","2026-09-16","unknown","","","","",""
"","16","3DS2-1.7 Verify pending transaction message","3DS2 Authentication","2026-07-02","skipped","2026-07-02","","","",""
"","","""before all"" hook for Cash Funds (Mobile)","","2026-07-14","unknown","","","","",""
"","","""before all"" hook for Business Cards - Admin Self-Assign Card Blocked","","2026-08-04","unknown","","","","",""
"","11268","BCT-2.11 Terminate the virtual card (TC1740)","Business Cards - Create and Terminate Own Virtual Card","2026-08-03","passed","2026-08-03","","","",""
"","4","ABS-1.2 Fill beneficiary details and confirm review (iOS)","Add Beneficiary - Another person","2026-09-13","skipped","2026-09-13","","","",""
"","125251","Send P2P by slide (11 EUR)","Bank Transfer - Individual","2026-04-05","passed","2026-04-05","","","",""
"","7507","CF-1.1 Open Cash Funds from Invest -> Discover","Cash Funds (Mobile)","2026-09-17","passed","2026-09-17","","","",""
"","70","VOP-2.2 VOP result label shows a valid result","VOP - Beneficiary Creation (Android)","2026-08-10","passed","2026-08-10","","","",""
"","","""before all"" hook for Home Screen - Individual","","2026-09-09","unknown","","","","",""
"","1153","HS-1.4 Home action buttons are checked","Home Screen - Individual","2026-09-05","passed","2026-09-05","","","",""
"","2984","BCF-1.3 Open Dmytri Kerteusz card details","Business Cards - Freeze/UnFreeze Other User Virtual Card","2026-08-03","passed","2026-08-03","","","",""
"","82373","adds instrument to watchlist (from existing list)","Watchlist (iOS/Android)","2026-05-22","passed","2026-05-22","","","",""
"","","""before all"" hook for Personal Details — read-only verification (TC1535-1546)","","2026-09-08","unknown","","","","",""
"","","""before all"" hook for Business Cards - Card Limit Reached (TC1745/TC1747)","","2026-08-05","unknown","","","","",""
"","800","BCAS-1.3 Verify admin self-assign blocked popup appears","Business Cards - Admin Self-Assign Card Blocked","2026-09-02","passed","2026-09-02","","","",""
"","","""before all"" hook for Watchlist (iOS/Android)","","2026-09-17","unknown","","","","",""
"","","""before all"" hook for Portfolio (iOS/Android)","","2026-09-16","unknown","","","","",""
"","176798","Send SEPA by slide (11 EUR)","Bank Transfer - Individual - SEPA","2026-09-04","broken","2026-09-04","","","",""
"","51050","VOP-1.1 Navigate to SWIFT Review Payment","VOP - SWIFT","2026-08-10","broken","2026-08-10","","","",""
"","","""before all"" hook for Orders (iOS)","","2026-04-27","unknown","","","","",""
"","274353","creates a new individual account through mobile verification","Onboarding - Android account creation","2026-05-28","passed","2026-05-28","","","",""
"","257016","Send SWIFT by slide (11)","Bank Transfer - Individual - SWIFT","2026-08-17","broken","2026-08-17","","","",""
"","","""before all"" hook for Business Cards - Admin Self-Assign Card Blocked","","2026-08-04","unknown","","","","",""
"","2","ATU-1.4 Find the rule, delete it and verify absence","Auto Top-Up","2026-09-18","skipped","2026-09-18","","","",""
"","","""before all"" hook for Auto Top-Up","","2026-08-25","unknown","","","","",""
"","17674","BCCL-1.5 Verify ""User Limit Reached"" for virtual cards (TC1745)","Business Cards - Card Limit Reached (TC1745/TC1747)","2026-08-25","broken","2026-08-25","","","",""
"","","""before all"" hook for Portfolio (iOS/Android)","","2026-09-17","unknown","","","","",""
"","","""before all"" hook for Watchlist (iOS/Android)","","2026-09-17","unknown","","","","",""
"","","""before all"" hook for Home Screen - Individual","","2026-09-16","unknown","","","","",""
"","10104","HM-STORY-1.5 Verify Storyly widget does not overlap other sections","Home Screen - Storyly widget","2026-09-04","passed","2026-09-04","","","",""
"","","""before all"" hook for Card Management - Joint account","","2026-07-29","unknown","","","","",""
"","4","exchanges from EUR to Dollar wallet and verifies Exchanged to USD on home","FX Exchange - iOS","2026-03-31","skipped","2026-03-31","","","",""
"","604","BCW-1.7 Verify Select Wallet sheet is displayed","Business Cards - Create New Wallet (TC1717/TC1718/TC1719)","2026-09-02","passed","2026-09-02","","","",""
"","79673","opens Cash Funds from Invest -> Discover","Cash Funds (Mobile)","2026-05-28","passed","2026-05-28","","","",""
"","7556","BCF-1.3 Open Dmytri Kerteusz card details","Business Cards - Freeze/UnFreeze Other User Virtual Card","2026-09-03","passed","2026-09-03","","","",""
"","8075","AB-USD-1.8 Enter account number","Add Beneficiary - Another person (USD) - step by step","2026-09-04","passed","2026-09-04","","","",""
"","343","AFBT-2.5 Verify Wallet Manager screen loads successfully","Add Funds - Bank Transfer - Wallet Manager","2026-08-19","passed","2026-08-19","","","",""
"","","""before all"" hook for Orders (iOS/Android)","","2026-06-04","unknown","","","","",""
"","167753","create and delete price alert (BMW)","Price Alerts (iOS/Android)","2026-05-26","broken","2026-05-26","","","",""
"","259","VOP-1.4 VOP close button is present","VOP - SEPA (Android)","2026-08-10","passed","2026-08-10","","","",""
"","126212","Create physical card -> success","Physical card creation - Individual","2026-03-04","broken","2026-03-04","","","",""
"","4328","SSP-1.2 Select Salary, Stipend or Pension tile","Add Funds – Salary, Stipend or Pension","2026-09-04","passed","2026-09-04","","","",""
"","672","BCR-3.2 Verify Manage Cards screen is displayed","Business Cards - Relink Card to Existing Wallet","2026-09-04","passed","2026-09-04","","","",""
"","","""before all"" hook for Add Beneficiary - Another person","","2026-09-17","unknown","","","","",""
"","3827","BCAS-1.5 Dismiss popup","Business Cards - Admin Self-Assign Card Blocked","2026-08-05","passed","2026-08-05","","","",""
"","53811","HM-STORY-1.6 Verify Home screen layout remains stable","Home Screen - Storyly widget","2026-08-19","broken","2026-08-19","","","",""
"","10833","CARD-1.5 Re-enable card feature","Card Management - Joint account","2026-09-04","passed","2026-09-04","","","",""
"","40989","opens Cash Funds from Invest -> Discover","Cash Funds (iOS)","2026-04-20","passed","2026-04-20","","","",""
"","205","VOP-2.3 VOP screen shows the passed last name","VOP - Beneficiary Creation (Android)","2026-09-04","passed","2026-09-04","","","",""
"","","""before all"" hook for FX Exchange","","2026-08-12","unknown","","","","",""
"","167870","switches between available account types","Home Account Switch","2026-08-17","passed","2026-08-17","","","",""
"","","""before all"" hook for FX Exchange","","2026-08-12","unknown","","","","",""
"","3763","P2P-1.3 Submit and verify success (Android)","Bank Transfer - P2P Individual","2026-09-17","passed","2026-09-17","","","",""
"","12331","AF-1.1 Open Add Funds from Home","Add Funds","2026-09-16","passed","2026-09-16","","","",""
"","70","adds instrument to watchlist (from existing list)","Watchlist (iOS)","2026-04-29","skipped","2026-04-29","","","",""
"","4","P2P-1.2 Review and slide to pay (iOS)","Bank Transfer - P2P Individual","2026-09-16","skipped","2026-09-16","","","",""
"","188","AFBT-2.5 Verify Wallet Manager screen loads successfully","Add Funds - Bank Transfer - Wallet Manager","2026-08-17","passed","2026-08-17","","","",""
"","42874","SWIFT-1.1 Open payment screen and fill amount (iOS)","Bank Transfer - SWIFT Individual","2026-09-17","passed","2026-09-17","","","",""
"","","""before all"" hook for Business Cards - Create and Terminate Own Virtual Card","","2026-07-31","unknown","","","","",""
"","4790","HM-STORY-1.3 Wait for Storyly widget on Home","Home Screen - Storyly widget","2026-08-19","passed","2026-08-19","","","",""
"","","""before all"" hook for Cross-Border Payment - SWIFT (Android)","","2026-09-04","unknown","","","","",""
"","95531","create and delete price alert (BMW)","Price Alerts (iOS/Android)","2026-04-29","broken","2026-04-29","","","",""
"","475361","Add beneficiary (Another person)","Add Beneficiary - Another person","2026-09-05","passed","2026-09-05","","","",""
"","17471","BCCL-2.4 Verify ""User card limit reached"" for physical cards (TC1747)","Business Cards - Card Limit Reached (TC1745/TC1747)","2026-09-01","broken","2026-09-01","","","",""
"","6670","BCCL-2.2 Select Physical Card type","Business Cards - Card Limit Reached (TC1745/TC1747)","2026-09-03","passed","2026-09-03","","","",""
"","21","SSP-1.5 Verify instruction screen shows IBAN, BIC and Bank Name fields","Add Funds – Salary, Stipend or Pension","2026-08-19","passed","2026-08-19","","","",""
"","16887","CARD-1.3 Open Card Security settings","Card Management - Joint account","2026-09-03","passed","2026-09-03","","","",""
"","1733","TX-1.4 Verify navigation to Transactions screen","Transactions","2026-08-20","passed","2026-08-20","","","",""
"","2122","HS-SA-1.4 Validate previous month spend","Home Screen - Spend Analytics","2026-08-19","passed","2026-08-19","","","",""
"","11091","AB-USD-1.3 Tap Add Beneficiary","Add Beneficiary - Another person (USD) - step by step","2026-09-04","passed","2026-09-04","","","",""
"","","HM-STORY-1.9 Navigate between stories","Home Screen - Storyly widget","2026-08-19","unknown","","","","",""
"","10542","opens Cash Funds from Invest -> Discover","Cash Funds (Mobile)","2026-09-05","passed","2026-09-05","","","",""
"","","freezes and unfreezes an active physical card","Card freeze/unfreeze - Joint account","2026-08-17","unknown","","","","",""
"","","""before all"" hook for Orders (iOS/Android)","","2026-09-17","unknown","","","","",""
"","","""before all"" hook for Bank Transfer - SEPA Individual","","2026-09-16","unknown","","","","",""
"","404","3DS2-1.1 Login with active card account","3DS2 Authentication","2026-07-02","passed","2026-07-02","","","",""
"","46553","WL-1.3 Add an existing instrument and verify Watchlist updated","Watchlist (iOS/Android)","2026-09-05","passed","2026-09-05","","","",""
"","","""before all"" hook for Business Cards - Admin Self-Assign Card Blocked","","2026-08-04","unknown","","","","",""
"","","""before all"" hook for Business Cards - Create New Wallet (TC1717/TC1718/TC1719)","","2026-09-04","unknown","","","","",""
"","4193","TX-2.3 Tap Show All from Recent Activity","Transactions","2026-08-20","passed","2026-08-20","","Business identity","",""
"","","""before all"" hook for Business Cards - Assign Physical card and lifecycle","","2026-06-25","unknown","","","","",""
"","14","3DS2-1.10 Verify countdown timer","3DS2 Authentication","2026-07-02","skipped","2026-07-02","","","",""
"","5783","BCNR-1.1 Open Cards tab","Business Cards - No-Rights User Add Card Blocked","2026-09-02","passed","2026-09-02","","","",""
"","","""before all"" hook for Business Cards - Relink Card to Existing Wallet","","2026-09-01","unknown","","","","",""
"","4287","AB-USD-1.4 Select beneficiary type","Add Beneficiary - Another person (USD) - step by step","2026-08-19","passed","2026-08-19","","","",""
"","408","AFBT-2.8 Verify wallet balance is displayed","Add Funds - Bank Transfer - Wallet Manager","2026-08-19","passed","2026-08-19","","","",""
"","","""before all"" hook for Business Cards - Freeze/UnFreeze Other User Virtual Card","","2026-08-03","unknown","","","","",""
"","","""before all"" hook for Business Cards - Assign Physical card","","2026-08-20","unknown","","","","",""
"","162074","switches between available account types","Home Account Switch","2026-08-25","passed","2026-08-25","","","",""
"","17145","ABC-1.7 Verify success modal and close","Business Cards - Assign Physical card and lifecycle","2026-06-26","broken","2026-06-26","","","",""
"","4693","VOP-1.3 Close VOP sheet","VOP - SEPA (Android)","2026-09-01","passed","2026-09-01","","","",""
"","13371","CARD-1.4 View Card Transactions","Card Management - Joint account","2026-09-04","passed","2026-09-04","","","",""
"","","""before all"" hook for Home Screen - Individual","","2026-09-17","unknown","","","","",""
"","","""before all"" hook for Auto Top-Up","","2026-08-21","unknown","","","","",""
"","8782","BCT-2.6 Tap Continue to create the virtual card","Business Cards - Create and Terminate Own Virtual Card","2026-09-02","passed","2026-09-02","","","",""
"","","""before all"" hook for Bank Transfer - SWIFT Individual","","2026-09-16","unknown","","","","",""
"","","""before all"" hook for Business identity","","2026-07-24","unknown","","","","",""
"","","""before all"" hook for Business Cards - Assign Physical card","","2026-08-20","unknown","","","","",""
"","27380","SEPA-1.2 Review and slide to pay (iOS)","Bank Transfer - SEPA Individual","2026-09-17","passed","2026-09-17","","","",""
"","54481","HM-STORY-1.4 Verify Storyly widget position","Home Screen - Storyly widget","2026-08-19","broken","2026-08-19","","","",""
"","55739","creates a new individual account through mobile verification","Onboarding - account creation","2026-08-17","failed","2026-08-17","","","",""
"","","""before all"" hook for Bank Transfer - SEPA Individual","","2026-09-16","unknown","","","","",""
"","","""before all"" hook for FX Exchange","","2026-08-12","unknown","","","","",""
"","183348","Send SEPA by slide (11 EUR)","Bank Transfer - Individual - SEPA","2026-05-22","broken","2026-05-22","","","",""
"","443","BCR-3.5 Verify Select Wallet sheet is displayed","Business Cards - Relink Card to Existing Wallet","2026-09-04","passed","2026-09-04","","","",""
"","313826","creates, freezes and deletes a physical card","Physical card creation, freezing and deletion - Individual","2026-09-04","passed","2026-09-04","","","",""
"","45836","HM-STORY-1.3 Scroll Home screen if required","Home Screen - Storyly widget","2026-06-22","broken","2026-06-22","","","",""
"","42","creates, modifies, and cancels BMW buy order","Orders (iOS)","2026-04-29","skipped","2026-04-29","","","",""
"","","""before all"" hook for Business Cards - Assign Physical card and lifecycle","","2026-06-26","unknown","","","","",""
"","","""before all"" hook for Business Cards - Freeze/UnFreeze Other User Virtual Card","","2026-07-30","unknown","","","","",""
"","42","SSP-1.3 Select full salary preference","Add Funds – Salary, Stipend or Pension","2026-08-19","passed","2026-08-19","","","",""
"","172025","exchanges from EUR to Dollar wallet and verifies Exchanged to USD on home","FX Exchange","2026-05-28","passed","2026-05-28","","","",""
"","64331","PC-1.2 Open Cards, clean up existing card and select Physical (Android)","Physical card creation and blocking - Individual","2026-09-05","passed","2026-09-05","","","",""
"","2941","PO-1.1 Wait for Home","Orders (iOS/Android)","2026-09-17","passed","2026-09-17","","","",""
"","","Send SEPA by slide (11 EUR)","Bank Transfer - Individual - SEPA","2026-09-04","unknown","","","","",""
"","6779","BCCL-1.3 Select Virtual Card type","Business Cards - Card Limit Reached (TC1745/TC1747)","2026-09-03","passed","2026-09-03","","","",""
"","17561","BCW-1.10 Enter wallet name ""AutoWallet_967889""","Business Cards - Create New Wallet (TC1717/TC1718/TC1719)","2026-09-01","broken","2026-09-01","","","",""
"","33350","MPP-1.6 Verify plan fee displayed","My Price Plan","2026-08-19","broken","2026-08-19","","","",""
"","46285","adds instrument to watchlist (from existing list)","Watchlist (iOS/Android)","2026-07-28","passed","2026-07-28","","","",""
"","227","BCNR-1.4 Verify alert message content","Business Cards - No-Rights User Add Card Blocked","2026-09-03","passed","2026-09-03","","","",""
"","1030","AFBT-2.7 Verify wallet currency is displayed correctly","Add Funds - Bank Transfer - Wallet Manager","2026-08-25","passed","2026-08-25","","","",""
"","71025","Login flow -> Home Screen Verification","Matrix - Smoke","2026-06-06","passed","2026-06-06","","","",""
"","71222","should open Pay tab in Business context","BT | Bank Transfer - Business","2026-02-16","broken","2026-02-16","","","",""
"","","""before all"" hook for Portfolio (iOS/Android)","","2026-08-21","unknown","","","","",""
"","19796","ABC-1.5 Select Las Vegas assignee","Business Cards - Assign Physical card","2026-09-03","passed","2026-09-03","","","",""
"","246","TX-2.8 Verify no loading or navigation errors occur","Transactions","2026-08-20","passed","2026-08-20","","Business identity","",""
"","69892","ABS-1.2 Open Add Beneficiary, select Another person and country (Android)","Add Beneficiary - Another person","2026-09-05","passed","2026-09-05","","","",""
"","","""before all"" hook for Home Search - Individual","","2026-09-16","unknown","","","","",""
"","36","3DS2-1.4 Open 3DS2 challenge from push notification","3DS2 Authentication","2026-07-02","skipped","2026-07-02","","","",""
"","97184","O-1.5 Enter email, accept terms and save the pre-KYC test account","Onboarding - account creation","2026-09-05","broken","2026-09-05","","","",""
"","384","BCT-2.2 Verify Manage Cards screen is displayed","Business Cards - Create and Terminate Own Virtual Card","2026-09-04","passed","2026-09-04","","","",""
"","370","PD-1.3 Personal Details screen is visible (TC1535)","Personal Details — read-only verification (TC1535-1546)","2026-09-12","passed","2026-09-12","","","",""
"","","""before all"" hook for Card Management - Joint account","","2026-07-29","unknown","","","","",""
"","10920","P2P-1.2 Review and slide to pay (Android)","Bank Transfer - P2P Individual","2026-09-17","passed","2026-09-17","","","",""
"","32757","SA-1.1 Open Business account from the account selector","Home Account Switch","2026-09-05","passed","2026-09-05","","","",""
"","11816","FX-1.2 [Android] From wallet selector shows currency and available balance","FX Exchange","2026-08-11","broken","2026-08-11","","","",""
"","60135","Create virtual card -> success","Virtual card creation - Individual","2026-03-04","skipped","2026-03-04","","","",""
"","11477","BCT-2.6 Tap Continue to create the virtual card","Business Cards - Create and Terminate Own Virtual Card","2026-08-03","passed","2026-08-03","","","",""
"","6363","BCW-1.6 Open Select Wallet from Spend From","Business Cards - Create New Wallet (TC1717/TC1718/TC1719)","2026-09-02","passed","2026-09-02","","","",""
"","25275","SEPA-1.3 Verify transaction on Home (iOS)","Bank Transfer - SEPA Individual","2026-09-17","passed","2026-09-17","","","",""
"","18748","BCCL-1.5 Verify ""User Limit Reached"" for virtual cards (TC1745)","Business Cards - Card Limit Reached (TC1745/TC1747)","2026-09-01","broken","2026-09-01","","","",""
"","","""before all"" hook for Business Cards - Relink Card to Existing Wallet","","2026-09-02","unknown","","","","",""
"","","""before all"" hook for Physical card creation and blocking - Individual","","2026-09-05","unknown","","","","",""
"","","""before all"" hook for Auto Top-Up","","2026-09-05","unknown","","","","",""
"","10511","CARD-1.5 Re-enable card feature","Card Management - Joint account","2026-09-03","passed","2026-09-03","","","",""
"","","""before all"" hook for Business Cards - Admin Self-Assign Card Blocked","","2026-08-05","unknown","","","","",""
"","","""before all"" hook for Add Beneficiary - Another person (USD) - step by step","","2026-09-04","unknown","","","","",""
"","","""before all"" hook for Watchlist (iOS/Android)","","2026-05-26","unknown","","","","",""
"","","""before all"" hook for Home Search - Individual","","2026-09-09","unknown","","","","",""
"","280818","creates, modifies, and cancels BMW buy order","Orders (iOS/Android)","2026-05-22","passed","2026-05-22","","","",""
"","","""before all"" hook for Orders (iOS)","","2026-04-24","unknown","","","","",""
"","","Send SWIFT by slide (11)","Bank Transfer - Individual - SWIFT","2026-06-04","unknown","","","","",""
"","","""before all"" hook for Price Alerts (iOS/Android)","","2026-09-16","unknown","","","","",""
"","6547","SSP-1.2 Select Salary, Stipend or Pension tile","Add Funds – Salary, Stipend or Pension","2026-08-19","passed","2026-08-19","","","",""
"","25671","FX-1.4 Swap button reverses from/to wallets — EUR→USD becomes USD→EUR","FX Exchange","2026-09-04","passed","2026-09-04","","","",""
"","","""before all"" hook for Auto Top-Up","","2026-09-05","unknown","","","","",""
"","9658","BCAS-1.2 Tap Add Card","Business Cards - Admin Self-Assign Card Blocked","2026-09-02","passed","2026-09-02","","","",""
"","","""before all"" hook for Auto Top-Up","","2026-08-25","unknown","","","","",""
"","330","BCT-2.7 Verify card assigned successfully","Business Cards - Create and Terminate Own Virtual Card","2026-09-02","passed","2026-09-02","","","",""
"","","""before all"" hook for FX Exchange","","2026-08-12","unknown","","","","",""
"","38677","FX-1.5 [Android] EUR → GBP: exchange rate is calculated and displayed in to-amount field","FX Exchange","2026-08-13","passed","2026-08-13","","","",""
"","","""before all"" hook for Watchlist (iOS)","","2026-04-28","unknown","","","","",""
"","1753","FX-1.1 Exchange screen loads and exchange form is visible","FX Exchange","2026-08-13","passed","2026-08-13","","","",""
"","","""before all"" hook for Add Beneficiary - Another person","","2026-09-05","unknown","","","","",""
"","9726","HS-SA-1.6 Validate category breakdown","Home Screen - Spend Analytics","2026-09-04","skipped","2026-09-04","","","",""
"","131262","create and delete price alert (BMW)","Price Alerts (iOS/Android)","2026-06-09","passed","2026-06-09","","","",""
"","7393","opens portfolio page (from Invest)","Portfolio (iOS)","2026-04-22","passed","2026-04-22","","","",""
"","78318","opens 3.5% Simonds Farsons Cisk 2027 (via NEXT x2)","Portfolio (iOS/Android)","2026-05-22","passed","2026-05-22","","","",""
"","","""before all"" hook for Auto Top-Up","","2026-09-16","unknown","","","","",""
"","11843","AB-USD-1.3 Tap Add Beneficiary","Add Beneficiary - Another person (USD) - step by step","2026-08-25","passed","2026-08-25","","","",""
"","559","CB-1.1 Bank transfer screen is displayed","Cross-Border Payment - SWIFT (Android)","2026-09-04","passed","2026-09-04","","","",""
"","957","AFBT-2.6 Verify all available wallets are displayed","Add Funds - Bank Transfer - Wallet Manager","2026-09-04","passed","2026-09-04","","","",""
"","","""before all"" hook for Cash Funds (Mobile)","","2026-09-17","unknown","","","","",""
"","","""before all"" hook for Business Cards - Admin Self-Assign Card Blocked","","2026-09-04","unknown","","","","",""
"","30893","FX-1.6 EUR → CHF: to-amount recalculates when destination wallet changes","FX Exchange","2026-08-13","passed","2026-08-13","","","",""
"","465","MPP-1.1 Login and land on Home screen","My Price Plan","2026-08-19","passed","2026-08-19","","","",""
"","25024","AF-1.4 Continue to 3DS","Add Funds","2026-09-16","broken","2026-09-16","","","",""
"","1137","ABC-1.13 Verify created card was removed","Business Cards - Assign Physical card","2026-07-22","passed","2026-07-22","","","",""
"","27432","PC-1.6 Report and block the physical card (Android)","Physical card creation and blocking - Individual","2026-09-05","passed","2026-09-05","","","",""
"","5125","BCR-3.4 Tap Spend From row to open Select Wallet sheet","Business Cards - Relink Card to Existing Wallet","2026-07-31","passed","2026-07-31","","","",""
"","17446","BCAS-1.4 Verify popup message content","Business Cards - Admin Self-Assign Card Blocked","2026-08-05","broken","2026-08-05","","","",""
"","","""before all"" hook for VOP - SEPA (Android)","","2026-09-04","unknown","","","","",""
"","262632","Send P2P by slide (11 EUR)","Bank Transfer - Individual","2026-09-04","passed","2026-09-04","","","",""
"","","""before all"" hook for Business Cards - Freeze/UnFreeze Other User Virtual Card","","2026-09-04","unknown","","","","",""
"","25606","ABC-1.11 Freeze created card","Business Cards - Assign Physical card","2026-09-03","broken","2026-09-03","","","",""
"","277646","Send SEPA by slide (11 EUR)","Bank Transfer - Individual - SEPA","2026-08-17","passed","2026-08-17","","","",""
"","6676","HS-1.10 Verify spend analytics","Home Screen - Individual","2026-09-17","passed","2026-09-17","","","",""
"","9788","AB-USD-1.1 Open Pay tab","Add Beneficiary - Another person (USD) - step by step","2026-09-04","passed","2026-09-04","","","",""
"","697","VOP-1.1 VOP sheet is displayed after Review Payment","VOP - SEPA (Android)","2026-08-10","passed","2026-08-10","","","",""
"","743","BCF-1.2 Verify Manage Cards screen is displayed","Business Cards - Freeze/UnFreeze Other User Virtual Card","2026-08-03","passed","2026-08-03","","","",""
"","31809","PC-1.3 Enter and confirm physical-card delivery address (Android)","Physical card creation and blocking - Individual","2026-09-05","passed","2026-09-05","","","",""
"","61099","adds instrument to watchlist (Spotify)","Watchlist (iOS)","2026-04-20","broken","2026-04-20","","","",""
"","19365","FX-1.7 [Android] EUR → CHF: to-amount recalculates when destination wallet changes","FX Exchange","2026-08-11","broken","2026-08-11","","","",""
"","","""before all"" hook for Auto Top-Up","","2026-06-09","unknown","","","","",""
"","11325","BCAS-1.4 Dismiss popup","Business Cards - Admin Self-Assign Card Blocked","2026-08-05","broken","2026-08-05","","","",""
"","","""before all"" hook for Add Beneficiary - Another person","","2026-09-05","unknown","","","","",""
"","2268","PD-1.8 Edit first name (TC1540)","Personal Details — read-only verification (TC1535-1546)","2026-09-12","passed","2026-09-12","","","",""
"","18142","BCCL-2.2 Select Physical Card type","Business Cards - Card Limit Reached (TC1745/TC1747)","2026-08-25","broken","2026-08-25","","","",""
"","41438","opens 3.5% Simonds Farsons Cisk 2027 (via NEXT x2)","Portfolio (iOS/Android)","2026-05-26","broken","2026-05-26","","","",""
"","","""before all"" hook for Auto Top-Up","","2026-07-02","unknown","","","","",""
"","73993","Home search returns Carlos Cat for query ""cat""","Home Search - Individual","2026-04-30","passed","2026-04-30","","","",""
"","7495","BCCL-1.2 Tap Assign Card","Business Cards - Card Limit Reached (TC1745/TC1747)","2026-09-03","passed","2026-09-03","","","",""
"","60093","PF-1.1 Select Individual account","Portfolio (iOS/Android)","2026-09-05","passed","2026-09-05","","","",""
"","","""before all"" hook for Bank Transfer - Individual","","2026-09-05","unknown","","","","",""
"","5034","TX-2.3 Tap Show All from Recent Activity","Transactions","2026-09-01","passed","2026-09-01","","Business identity","",""
"","240025","Send SWIFT by slide (11)","Bank Transfer - Individual - SWIFT","2026-09-04","passed","2026-09-04","","","",""
"","","""before all"" hook for FX Exchange","","2026-08-12","unknown","","","","",""
"","39857","AUTH-1.2 App locks after 3 invalid passcode attempts (TC200)","Authentication - Security","2026-09-01","passed","2026-09-01","","","",""
"","","""before all"" hook for Business Cards - No-Rights User Add Card Blocked","","2026-09-03","unknown","","","","",""
"","4769","AB-USD-1.4 Select beneficiary type","Add Beneficiary - Another person (USD) - step by step","2026-09-04","passed","2026-09-04","","","",""
"","21","CPA-1.8 Select +1% and verify creation confirmation (iOS)","Price Alerts (iOS/Android)","2026-09-05","skipped","2026-09-05","","","",""
"","","""before all"" hook for Add Funds","","2026-09-05","unknown","","","","",""
"","13024","BCW-1.1 Open More → Administration (TC1717/TC1718/TC1719)","Business Cards - Create New Wallet (TC1717/TC1718/TC1719)","2026-09-02","passed","2026-09-02","","","",""
"","","""before all"" hook for Auto Top-Up","","2026-08-17","unknown","","","","",""
"","105317","LF-1.1 Authenticate and reach Home","Matrix - Smoke","2026-09-05","passed","2026-09-05","","","",""
"","5675","HM-STORY-1.3 Wait for Storyly widget on Home","Home Screen - Storyly widget","2026-09-04","passed","2026-09-04","","","",""
"","","""before all"" hook for Bank Transfer - SWIFT Individual","","2026-09-16","unknown","","","","",""
"","18351","CARD-1.1 Verify card management actions are displayed for an existing card","Card Management - Joint account","2026-09-04","passed","2026-09-04","","","",""
"","2079","VOP-1.5 Close VOP sheet","VOP - SWIFT (Android)","2026-08-10","passed","2026-08-10","","","",""
"","10734","ABC-1.8 Verify success modal and close","Business Cards - Assign Physical card and lifecycle","2026-06-26","passed","2026-06-26","","","",""
"","9884","BCT-2.4 Select Virtual Card type","Business Cards - Create and Terminate Own Virtual Card","2026-09-02","passed","2026-09-02","","","",""
"","248496","Send SWIFT by slide (11)","Bank Transfer - Individual - SWIFT","2026-09-04","passed","2026-09-04","","","",""
"","14898","BCT-2.5 Select self (Dmytro Kertys) as assignee","Business Cards - Create and Terminate Own Virtual Card","2026-09-04","passed","2026-09-04","","","",""
"","25","PC-1.9 Create and confirm physical-card PIN (iOS)","Physical card creation and blocking - Individual","2026-09-05","skipped","2026-09-05","","","",""
"","51034","Android: send P2P by slide (11 EUR)","Bank Transfer - Individual","2026-03-03","skipped","2026-03-03","","","",""
"","","""before all"" hook for FX Exchange","","2026-08-12","unknown","","","","",""
"","8281","HM-STORY-1.7 Verify Storyly content loads successfully","Home Screen - Storyly widget","2026-08-19","passed","2026-08-19","","","",""
"","654","HS-1.12 Bottom navigation is displayed","Home Screen - Individual","2026-09-05","passed","2026-09-05","","","",""
"","","""before all"" hook for Auto Top-Up","","2026-06-11","unknown","","","","",""
"","56926","Create physical card -> success","Physical card creation - Individual","2026-03-04","skipped","2026-03-04","","","",""
"","13420","AFBT-2.2 Open Add Funds","Add Funds - Bank Transfer - Wallet Manager","2026-08-19","passed","2026-08-19","","","",""
"","59240","HM-STORY-1.8 Open Storyly content","Home Screen - Storyly widget","2026-09-04","passed","2026-09-04","","","",""
"","","""before all"" hook for Business Cards - Admin Self-Assign Card Blocked","","2026-08-04","unknown","","","","",""
"","16462","BCCL-2.2 Tap Assign Card again","Business Cards - Card Limit Reached (TC1745/TC1747)","2026-08-05","broken","2026-08-05","","","",""
"","300","TX-2.2 Verify Recent Activity section is visible","Transactions","2026-09-01","passed","2026-09-01","","Business identity","",""
"","35625","opens portfolio page (from Invest)","Portfolio (iOS/Android)","2026-08-13","passed","2026-08-13","","","",""
"","284","VOP-2.2 VOP result label shows a valid result","VOP - Beneficiary Creation (Android)","2026-08-10","passed","2026-08-10","","","",""
"","33","PO-1.3 Find BMW and place the initial buy order (iOS)","Orders (iOS/Android)","2026-09-05","skipped","2026-09-05","","","",""
"","18734","AB-USD-1.6 Select USD wallet / currency","Add Beneficiary - Another person (USD) - step by step","2026-09-04","passed","2026-09-04","","","",""
"","12507","BCF-1.1 Open More → Administration (TC1738/TC1739)","Business Cards - Freeze/UnFreeze Other User Virtual Card","2026-09-03","passed","2026-09-03","","","",""
"","","""before all"" hook for Orders (iOS/Android)","","2026-04-30","unknown","","","","",""
"","26312","ABC-1.12 Delete created card via report/block","Business Cards - Assign Physical card","2026-09-03","broken","2026-09-03","","","",""
"","","""before all"" hook for Bank Transfer - Individual","","2026-09-05","unknown","","","","",""
"","134479","ABS-1.1 Open Add Beneficiary and select Another person (iOS)","Add Beneficiary - Another person","2026-09-17","passed","2026-09-17","","","",""
"","","""before all"" hook for Physical card creation, freezing and deletion - Individual","","2026-09-17","unknown","","","","",""
"","","""before all"" hook for Card Management - Joint account","","2026-07-29","unknown","","","","",""
"","22151","BCAS-1.3 Verify admin self-assign blocked alert appears","Business Cards - Admin Self-Assign Card Blocked","2026-08-05","broken","2026-08-05","","","",""
"","46856","adds instrument to watchlist (from existing list)","Watchlist (iOS/Android)","2026-08-13","passed","2026-08-13","","","",""
"","32915","HM-STORY-1.10 Close Storyly viewer and return to Home","Home Screen - Storyly widget","2026-08-19","broken","2026-08-19","","","",""
"","","""before all"" hook for FX Exchange","","2026-09-17","unknown","","","","",""
"","","""before all"" hook for Business Cards - Freeze/UnFreeze Other User Virtual Card","","2026-07-30","unknown","","","","",""
"","53537","opens portfolio page (from Invest)","Portfolio (iOS/Android)","2026-07-28","passed","2026-07-28","","","",""
"","","""before all"" hook for Business Cards - Create New Wallet (TC1717/TC1718/TC1719)","","2026-09-04","unknown","","","","",""
"","13560","BCT-2.5 Select self (Dmytro Kertys) as assignee","Business Cards - Create and Terminate Own Virtual Card","2026-09-02","passed","2026-09-02","","","",""
"","343","DS-1.2 Wait for Home","Cash Funds (Mobile)","2026-09-05","passed","2026-09-05","","","",""
"","","""before all"" hook for Business Cards - Assign Physical card","","2026-08-20","unknown","","","","",""
"","53617","HM-STORY-1.8 Open Storyly content","Home Screen - Storyly widget","2026-08-19","broken","2026-08-19","","","",""
"","","""before all"" hook for Home Search - Individual","","2026-09-17","unknown","","","","",""
"","","""before all"" hook for Orders (iOS/Android)","","2026-09-16","unknown","","","","",""
"","39765","P2P-1.1 Open payment screen and fill amount (Android)","Bank Transfer - P2P Individual","2026-09-17","passed","2026-09-17","","","",""
"","","""before all"" hook for Auto Top-Up","","2026-08-20","unknown","","","","",""
"","36","PO-1.5 Modify quantity and verify ACTIVE with modified quantity (iOS)","Orders (iOS/Android)","2026-09-05","skipped","2026-09-05","","","",""
"","6869","ABC-1.9 Verify new card details screen","Business Cards - Assign Physical card and lifecycle","2026-06-26","broken","2026-06-26","","","",""
"","24051","PT-1.2 Open 3.5% Simonds Farsons Cisk 2027 (iOS)","Portfolio (iOS/Android)","2026-09-17","passed","2026-09-17","","","",""
"","16528","BCCL-2.4 Select Self as assignee","Business Cards - Card Limit Reached (TC1745/TC1747)","2026-08-05","broken","2026-08-05","","","",""
"","208","VOP-2.2 VOP screen shows the passed first name","VOP - Beneficiary Creation (Android)","2026-09-04","passed","2026-09-04","","","",""
"","19081","BCCL-2.2 Select Physical Card type","Business Cards - Card Limit Reached (TC1745/TC1747)","2026-09-01","broken","2026-09-01","","","",""
"","31788","BCCL-1.1 Open Manage Cards","Business Cards - Card Limit Reached (TC1745/TC1747)","2026-09-01","broken","2026-09-01","","","",""
"","","""before all"" hook for Portfolio (iOS)","","2026-04-23","unknown","","","","",""
"","1809","BCR-3.7 Verify Spend From on Card Details updated to the new wallet","Business Cards - Relink Card to Existing Wallet","2026-07-31","passed","2026-07-31","","","",""
"","19077","BCCL-2.1 Dismiss limit popup and return to Assign Card form","Business Cards - Card Limit Reached (TC1745/TC1747)","2026-09-01","broken","2026-09-01","","","",""
"","","""before all"" hook for Business Cards - Create and Terminate Own Virtual Card","","2026-09-01","unknown","","","","",""
"","18573","BCCL-1.3 Select Virtual Card type","Business Cards - Card Limit Reached (TC1745/TC1747)","2026-09-01","broken","2026-09-01","","","",""
"","6465","ABC-1.2 Tap Add New Card","Business Cards - Assign Physical card","2026-09-04","passed","2026-09-04","","","",""
"","51070","AB-USD-1.10 Enter beneficiary address and continue","Add Beneficiary - Another person (USD) - step by step","2026-09-04","broken","2026-09-04","","","",""
"","","""before all"" hook for Cash Funds (Mobile)","","2026-04-23","unknown","","","","",""
"","95855","User can open Pay tab in Individual context","Bank Transfer - Individual","2026-02-17","broken","2026-02-17","","","",""
"","49451","adds instrument to watchlist (from existing list)","Watchlist (iOS/Android)","2026-08-25","passed","2026-08-25","","","",""
"","","""before all"" hook for Business Cards - Create and Terminate Own Virtual Card","","2026-09-02","unknown","","","","",""
"","5319","BCF-1.4 Freeze the card (TC1738)","Business Cards - Freeze/UnFreeze Other User Virtual Card","2026-08-03","passed","2026-08-03","","","",""
"","","""before all"" hook for Orders (iOS/Android)","","2026-08-22","unknown","","","","",""
"","","""before all"" hook for Price Alerts (iOS/Android)","","2026-04-27","unknown","","","","",""
"","","Home screen elements are visible","Home Screen - Individual","2026-05-28","unknown","","","","",""
"","85677","Home search returns Carlos Cat for query ""cat""","Home Search - Individual","2026-03-27","passed","2026-03-27","","","",""
"","18159","VOP-1.2 VOP screen appears with result","VOP - SWIFT","2026-08-10","broken","2026-08-10","","","",""
"","","""before all"" hook for Home Search - Individual","","2026-09-18","unknown","","","","",""
"","84038","PC-1.2 Create physical card (Android)","Physical card creation, freezing and deletion - Individual","2026-09-17","broken","2026-09-17","","","",""
"","","""before all"" hook for Business Cards - Freeze/UnFreeze Other User Virtual Card","","2026-07-30","unknown","","","","",""
"","705","MPP-1.9 Verify included benefits displayed","My Price Plan","2026-09-04","passed","2026-09-04","","","",""
"","","""before all"" hook for Card Management - Joint account","","2026-07-29","unknown","","","","",""
"","621","BCF-1.2 Verify Manage Cards screen is displayed","Business Cards - Freeze/UnFreeze Other User Virtual Card","2026-09-03","passed","2026-09-03","","","",""
"","219663","Home screen elements are visible","Home Screen - Individual","2026-08-13","passed","2026-08-13","","","",""
"","","""before all"" hook for Auto Top-Up","","2026-08-17","unknown","","","","",""
"","480","HS-1.8 Check pending transactions when present","Home Screen - Individual","2026-09-05","passed","2026-09-05","","","",""
"","1095","MPP-1.6 Verify plan fee displayed","My Price Plan","2026-08-19","passed","2026-08-19","","","",""
"","","""before all"" hook for Card Management - Joint account","","2026-07-29","unknown","","","","",""
"","","""before all"" hook for Auto Top-Up","","2026-09-16","unknown","","","","",""
"","14508","CARD-1.4 View Card Transactions","Card Management - Joint account","2026-09-03","passed","2026-09-03","","","",""
"","63323","PA-1.1 Create price alert for BMW (iOS)","Price Alerts (iOS/Android)","2026-09-17","passed","2026-09-17","","","",""
"","","""before all"" hook for My Price Plan","","2026-08-19","unknown","","","","",""
"","3617","AFBT-2.1 Open Home screen","Add Funds - Bank Transfer - Wallet Manager","2026-08-25","passed","2026-08-25","","","",""
"","87702","AUTH-1.3 OTP countdown is shown and Resend becomes active (TC204)","Authentication - Security","2026-09-01","passed","2026-09-01","","","",""
"","486141","Add beneficiary (Another person)","Add Beneficiary - Another person","2026-06-09","broken","2026-06-09","","","",""
"","17987","ABC-1.6 Confirm assignee address and submit","Business Cards - Assign Physical card and lifecycle","2026-06-26","broken","2026-06-26","","","",""
"","224103","User can proceed top up balance via card","Add Funds","2026-09-04","passed","2026-09-04","","","",""
"","43082","O-1.2 Set and confirm PIN, complete OTP and continue","Onboarding - account creation","2026-09-05","passed","2026-09-05","","","",""
"","","""before all"" hook for Business Cards - Freeze/UnFreeze Other User Virtual Card","","2026-07-30","unknown","","","","",""
"","2727","HS-SA-1.4 Validate previous month spend","Home Screen - Spend Analytics","2026-09-04","passed","2026-09-04","","","",""
"","9007","PF-1.3 Open Portfolio from Invest","Portfolio (iOS/Android)","2026-09-05","passed","2026-09-05","","","",""
"","","Home screen elements are visible","Home Screen - Individual","2026-08-17","unknown","","","","",""
"","22684","ABS-1.3 Complete OTP and verify success (iOS)","Add Beneficiary - Another person","2026-09-17","passed","2026-09-17","","","",""
"","78122","AFBT-2.2 Open Add Funds","Add Funds - Bank Transfer - Wallet Manager","2026-09-04","passed","2026-09-04","","","",""
"","","""before all"" hook for Card Management - Joint account","","2026-07-29","unknown","","","","",""
"","","""before all"" hook for Business Cards - Assign Physical card","","2026-07-21","unknown","","","","",""
"","","""before all"" hook for Auto Top-Up","","2026-08-06","unknown","","","","",""
"","51923","SEPA-1.1 Open payment screen and fill amount (iOS)","Bank Transfer - SEPA Individual","2026-09-17","passed","2026-09-17","","","",""
"","","freezes and unfreezes an active physical card","Card freeze/unfreeze - Joint account","2026-06-04","unknown","","","","",""
"","255183","creates a new individual account through mobile verification","Onboarding - Android account creation","2026-05-25","passed","2026-05-25","","","",""
"","213","BCAS-1.6 Verify alert message content","Business Cards - Admin Self-Assign Card Blocked","2026-08-05","passed","2026-08-05","","","",""
"","27","SSP-1.4 Tap Next","Add Funds – Salary, Stipend or Pension","2026-09-04","passed","2026-09-04","","","",""
"","18146","ABC-1.12 Return to Cards and verify the reported card was removed","Business Cards - Assign Physical card and lifecycle","2026-06-26","broken","2026-06-26","","","",""
"","","""before all"" hook for Home Search - Individual","","2026-09-16","unknown","","","","",""
"","60177","BCW-1.14 Dismiss dialog","Business Cards - Create New Wallet (TC1717/TC1718/TC1719)","2026-08-04","broken","2026-08-04","","","",""
"","5794","ABC-1.6 Continue with selected assignee","Business Cards - Assign Physical card","2026-09-03","passed","2026-09-03","","","",""
"","","""before all"" hook for Auto Top-Up","","2026-09-17","unknown","","","","",""
"","156","AFBT-2.8 Verify wallet balance is displayed","Add Funds - Bank Transfer - Wallet Manager","2026-08-17","passed","2026-08-17","","","",""
"","5123","P2P-1.3 Submit and verify success (iOS)","Bank Transfer - P2P Individual","2026-09-17","passed","2026-09-17","","","",""
"","17014","BCT-2.1 Open More → Administration (TC1740/TC1741)","Business Cards - Create and Terminate Own Virtual Card","2026-09-04","passed","2026-09-04","","","",""
"","1134","BCW-1.9 Verify New Wallet form is displayed","Business Cards - Create New Wallet (TC1717/TC1718/TC1719)","2026-09-02","passed","2026-09-02","","","",""
"","375","BCF-1.2 Verify Manage Cards screen is displayed","Business Cards - Freeze/UnFreeze Other User Virtual Card","2026-09-04","passed","2026-09-04","","","",""
"","3","BT-SEPA-1.3 Wait for slider and submit SEPA payment (Android)","Bank Transfer - Individual - SEPA","2026-09-05","skipped","2026-09-05","","","",""
"","","""before all"" hook for Card Management - Joint account","","2026-07-29","unknown","","","","",""
"","","""before all"" hook for Price Alerts (iOS/Android)","","2026-09-16","unknown","","","","",""
"","419","TX-1.1 Login and land on Home screen","Transactions","2026-09-04","passed","2026-09-04","","","",""
"","18709","ABC-1.11 Delete created card via report/block","Business Cards - Assign Physical card","2026-07-22","broken","2026-07-22","","","",""
"","6049","AFBT-2.3 Select Bank Transfer option","Add Funds - Bank Transfer - Wallet Manager","2026-08-19","passed","2026-08-19","","","",""
"","1880","VOP-2.5 Close VOP sheet","VOP - Beneficiary Creation (Android)","2026-08-10","passed","2026-08-10","","","",""
"","","""before all"" hook for FX Exchange","","2026-08-12","unknown","","","","",""
"","8676","AB-USD-1.1 Open Pay tab","Add Beneficiary - Another person (USD) - step by step","2026-09-04","passed","2026-09-04","","","",""
"","2","ATU-1.3 Save Auto Top-Up and return to Add Funds or Home","Auto Top-Up","2026-09-18","skipped","2026-09-18","","","",""
"","2580","VOP-1.3 Close VOP sheet","VOP - SEPA (Android)","2026-08-10","passed","2026-08-10","","","",""
"","7493","BCAS-1.1 Open Cards tab","Business Cards - Admin Self-Assign Card Blocked","2026-08-06","passed","2026-08-06","","","",""
"","15562","BCCL-1.4 Select Self as assignee","Business Cards - Card Limit Reached (TC1745/TC1747)","2026-09-03","passed","2026-09-03","","","",""
"","29623","HS-SA-1.7 Change Spend Analytics period","Home Screen - Spend Analytics","2026-08-19","passed","2026-08-19","","","",""
"","343","VOP-1.3 VOP result is Unavailable","VOP - SEPA (Android)","2026-08-10","passed","2026-08-10","","","",""
"","72","ABS-1.5 Open Add Beneficiary, select Another person and country (iOS)","Add Beneficiary - Another person","2026-09-05","skipped","2026-09-05","","","",""
"","","""before all"" hook for Orders (iOS/Android)","","2026-06-11","unknown","","","","",""
"","28670","AB-USD-1.10 Enter beneficiary address and continue","Add Beneficiary - Another person (USD) - step by step","2026-08-19","broken","2026-08-19","","","",""
"","18462","FX-1.3 From wallet selector shows available balance","FX Exchange","2026-08-13","passed","2026-08-13","","","",""
"","3633","CB-1.9 (TC2421) Review Payment screen shows SWIFT payment details","Cross-Border Payment - SWIFT (Android)","2026-08-11","passed","2026-08-11","","","",""
"","136506","create and delete price alert (BMW)","Price Alerts (iOS/Android)","2026-07-28","broken","2026-07-28","","","",""
"","","""before all"" hook for Auto Top-Up","","2026-09-04","unknown","","","","",""
"","","""before all"" hook for Auto Top-Up","","2026-08-17","unknown","","","","",""
"","","""before all"" hook for Home Screen - Individual","","2026-09-17","unknown","","","","",""
"","","""before all"" hook for Orders (iOS)","","2026-04-24","unknown","","","","",""
"","20","BT-SWIFT-1.7 Close details and verify negative amount on Home (iOS)","Bank Transfer - Individual - SWIFT","2026-09-05","skipped","2026-09-05","","","",""
"","37738","3DS2-1.2 Trigger 3DS2 challenge via backend","3DS2 Authentication","2026-07-02","broken","2026-07-02","","","",""
"","52233","BT-SWIFT-1.1 Prepare the existing Individual transfer context","Bank Transfer - Individual - SWIFT","2026-09-05","passed","2026-09-05","","","",""
"","8425","HS-SA-1.5 Open Spend Analytics details","Home Screen - Spend Analytics","2026-08-19","passed","2026-08-19","","","",""
"","","""before all"" hook for Business Cards - Relink Card to Existing Wallet","","2026-09-02","unknown","","","","",""
"","97882","AB-USD-1.11 Confirm OTP and verify beneficiary created successfully","Add Beneficiary - Another person (USD) - step by step","2026-08-19","broken","2026-08-19","","","",""
"","","""before all"" hook for Add Beneficiary - Another person","","2026-09-05","unknown","","","","",""
"","21510","ABC-1.6 Select user ""Las Vegas""","Business Cards - Assign Physical card and lifecycle","2026-06-26","broken","2026-06-26","","","",""
"","12051","AB-USD-1.3 Tap Add Beneficiary","Add Beneficiary - Another person (USD) - step by step","2026-09-04","passed","2026-09-04","","","",""
"","17232","BCT-2.11 Terminate the virtual card (TC1740)","Business Cards - Create and Terminate Own Virtual Card","2026-09-04","passed","2026-09-04","","","",""
"","","""before all"" hook for Add Beneficiary - Another person (USD) - step by step","","2026-09-04","unknown","","","","",""
"","23353","BCCL-1.4 Select Self as assignee","Business Cards - Card Limit Reached (TC1745/TC1747)","2026-09-01","broken","2026-09-01","","","",""
"","512","MPP-1.4 Verify Price Plan page loads successfully","My Price Plan","2026-08-19","passed","2026-08-19","","","",""
"","132788","O-1.4 Enter employment details and address","Onboarding - account creation","2026-09-05","passed","2026-09-05","","","",""
"","","""before all"" hook for Auto Top-Up","","2026-08-17","unknown","","","","",""
"","14736","ABC-1.10 Report (block) the frozen card","Business Cards - Assign Physical card and lifecycle","2026-06-26","broken","2026-06-26","","","",""
"","7036","BCT-2.12 Verify terminated card appears in Inactive tab (TC1741)","Business Cards - Create and Terminate Own Virtual Card","2026-08-03","passed","2026-08-03","","","",""
"","22684","ABC-1.14 Verify created card was removed","Business Cards - Assign Physical card","2026-09-03","broken","2026-09-03","","","",""
"","321","TX-2.7 Verify transactions are grouped by date","Transactions","2026-09-01","passed","2026-09-01","","Business identity","",""
"","6712","BCF-1.6 Unfreeze the card (TC1739)","Business Cards - Freeze/UnFreeze Other User Virtual Card","2026-09-03","passed","2026-09-03","","","",""
"","108861","create price alert (BMW)","Price Alerts (iOS/Android)","2026-08-17","broken","2026-08-17","","","",""
"","17389","BCW-1.6 Verify Select Wallet sheet is displayed","Business Cards - Create New Wallet (TC1717/TC1718/TC1719)","2026-08-04","broken","2026-08-04","","","",""
"","8062","AF-1.3 Enter amount 11","Add Funds","2026-09-17","passed","2026-09-17","","","",""
"","138264","ABC-1.10 Wait for created card details screen","Business Cards - Assign Physical card","2026-09-02","broken","2026-09-02","","","",""
"","7020","AFBT-2.3 Select Bank Transfer option","Add Funds - Bank Transfer - Wallet Manager","2026-09-04","passed","2026-09-04","","","",""
"","146307","Create card -> success","Virtual card creation - Individual","2026-03-12","passed","2026-03-12","","","",""
"","68251","opens portfolio page (from Invest)","Portfolio (iOS/Android)","2026-08-25","passed","2026-08-25","","","",""
"","37155","AF-1.4 Continue to 3DS","Add Funds","2026-09-17","passed","2026-09-17","","","",""
"","","""before all"" hook for Cross-Border Payment - SWIFT (Android)","","2026-09-04","unknown","","","","",""
"","","""before all"" hook for Auto Top-Up","","2026-08-21","unknown","","","","",""
"","247","VOP-1.1 VOP sheet is displayed after Review Payment","VOP - SEPA (Android)","2026-09-01","passed","2026-09-01","","","",""
"","43612","ATU-1.1 Open Auto Top-Up and select card and wallet","Auto Top-Up","2026-09-16","passed","2026-09-16","","","",""
"","47507","BCAS-1.7 Dismiss alert","Business Cards - Admin Self-Assign Card Blocked","2026-08-05","passed","2026-08-05","","","",""
"","5236","BCNR-1.1 Open Cards tab","Business Cards - No-Rights User Add Card Blocked","2026-09-03","passed","2026-09-03","","","",""
"","52509","AB-USD-1.10 Enter beneficiary address and continue","Add Beneficiary - Another person (USD) - step by step","2026-08-25","broken","2026-08-25","","","",""
"","3","P2P-1.3 Submit and verify success (iOS)","Bank Transfer - P2P Individual","2026-09-16","skipped","2026-09-16","","","",""
"","2913","BCR-3.7 Verify Spend From on Card Details updated to the new wallet","Business Cards - Relink Card to Existing Wallet","2026-09-04","passed","2026-09-04","","","",""
"","30767","BCT-2.9 Open own virtual card once it becomes Active (wait from Pending)","Business Cards - Create and Terminate Own Virtual Card","2026-08-03","passed","2026-08-03","","","",""
"","8045","BCR-3.6 Select a random wallet that is not the currently assigned one","Business Cards - Relink Card to Existing Wallet","2026-09-02","passed","2026-09-02","","","",""
"","","""before all"" hook for FX Exchange","","2026-08-12","unknown","","","","",""
"","","""before all"" hook for Auto Top-Up","","2026-08-05","unknown","","","","",""
"","6047","BCT-2.3 Tap Assign Card button","Business Cards - Create and Terminate Own Virtual Card","2026-09-02","passed","2026-09-02","","","",""
"","","""before all"" hook for Price Alerts (iOS/Android)","","2026-08-22","unknown","","","","",""
"","21311","FX-1.5 [Android] ""Insufficient balance"" error appears when from-wallet has zero funds (GBP)","FX Exchange","2026-08-11","broken","2026-08-11","","","",""
"","3","PO-1.8 Place BMW buy order with initial quantity (Android)","Orders (iOS/Android)","2026-09-05","skipped","2026-09-05","","","",""
"","1303","BCW-1.8 Tap Add New Wallet","Business Cards - Create New Wallet (TC1717/TC1718/TC1719)","2026-09-02","passed","2026-09-02","","","",""
"","6013","AFBT-2.1 Open Home screen","Add Funds - Bank Transfer - Wallet Manager","2026-08-17","passed","2026-08-17","","","",""
"","23990","ABC-1.13 Return to cards list","Business Cards - Assign Physical card","2026-09-02","broken","2026-09-02","","","",""
"","","switches between available account types","Home Account Switch","2026-06-04","unknown","","","","",""
"","16803","BCT-2.11 Terminate the virtual card (TC1740)","Business Cards - Create and Terminate Own Virtual Card","2026-09-02","passed","2026-09-02","","","",""
"","11554","BCCL-2.3 Select Physical Card type","Business Cards - Card Limit Reached (TC1745/TC1747)","2026-08-05","broken","2026-08-05","","","",""
"","261","CB-1.2 ""Pay from"" wallet shows USD","Cross-Border Payment - SWIFT (Android)","2026-08-11","passed","2026-08-11","","","",""
"","383","AFBT-2.8 Verify wallet balance is displayed","Add Funds - Bank Transfer - Wallet Manager","2026-08-25","passed","2026-08-25","","","",""
"","7695","BCF-1.4 Freeze the card (TC1738)","Business Cards - Freeze/UnFreeze Other User Virtual Card","2026-09-04","passed","2026-09-04","","","",""
"","42","VOP-2.3 VOP result is Unavailable","VOP - Beneficiary Creation (Android)","2026-08-10","passed","2026-08-10","","","",""
"","","""before all"" hook for Card Management - Joint account","","2026-07-29","unknown","","","","",""
"","","""before all"" hook for Card freeze/unfreeze - Joint account","","2026-09-16","unknown","","","","",""
"","35161","adds instrument to watchlist (from existing list)","Watchlist (iOS/Android)","2026-08-17","broken","2026-08-17","","","",""
"","","""before all"" hook for Price Alerts (iOS/Android)","","2026-09-17","unknown","","","","",""
"","","""before all"" hook for Business Cards - Assign Physical card and lifecycle","","2026-06-25","unknown","","","","",""
"","46","SSP-1.3 Select full salary preference","Add Funds – Salary, Stipend or Pension","2026-09-04","passed","2026-09-04","","","",""
"","53852","HM-STORY-1.9 Navigate between stories","Home Screen - Storyly widget","2026-08-19","broken","2026-08-19","","","",""
"","362","BCAS-1.5 Verify admin self-assign blocked alert appears","Business Cards - Admin Self-Assign Card Blocked","2026-08-05","passed","2026-08-05","","","",""
"","","""before all"" hook for Price Alerts (iOS/Android)","","2026-04-30","unknown","","","","",""
"","261","TX-2.2 Verify Recent Activity section is visible","Transactions","2026-08-20","passed","2026-08-20","","Business identity","",""
"","","""before all"" hook for Watchlist (iOS/Android)","","2026-09-16","unknown","","","","",""
"","55670","adds instrument to watchlist (from existing list)","Watchlist (iOS/Android)","2026-04-30","passed","2026-04-30","","","",""
"","37049","AUTH-1.2 App locks after 3 invalid passcode attempts (TC200)","Authentication - Security","2026-09-04","passed","2026-09-04","","","",""
"","170639","create Auto Top-Up, verify, delete and verify absence","Auto Top-Up","2026-05-22","broken","2026-05-22","","","",""
"","22387","BCAS-1.3 Verify admin self-assign blocked popup appears","Business Cards - Admin Self-Assign Card Blocked","2026-08-25","broken","2026-08-25","","","",""
"","","""before all"" hook for Portfolio (iOS)","","2026-04-28","unknown","","","","",""
"","7416","BCT-2.3 Tap Assign Card button","Business Cards - Create and Terminate Own Virtual Card","2026-09-04","passed","2026-09-04","","","",""
"","1943","ABC-1.2 Tap Add New Card","Business Cards - Assign Physical card and lifecycle","2026-06-26","passed","2026-06-26","","","",""
"","","""before all"" hook for Business Cards - Admin Self-Assign Card Blocked","","2026-08-04","unknown","","","","",""
"","240","CB-1.4 Fee row is displayed with default option","Cross-Border Payment - SWIFT (Android)","2026-08-11","passed","2026-08-11","","","",""
"","2622","CARD-1.2 Copy card number via long press on the card","Card Management - Joint account","2026-08-11","passed","2026-08-11","","","",""
"","79164","opens portfolio page (from Invest)","Portfolio (iOS/Android)","2026-06-06","passed","2026-06-06","","","",""
"","99842","ABC-1.5 Select available assignee","Business Cards - Assign Physical card","2026-09-04","passed","2026-09-04","","","",""
"","","""before all"" hook for Auto Top-Up","","2026-04-28","unknown","","","","",""
"","","""before all"" hook for Business Cards - Admin Self-Assign Card Blocked","","2026-08-06","unknown","","","","",""
"","","""before all"" hook for Cash Funds (Mobile)","","2026-08-04","unknown","","","","",""
"","13787","HS-SA-1.2 Spend Analytics section is visible","Home Screen - Spend Analytics","2026-08-19","passed","2026-08-19","","","",""
"","275","PD-1.4 First name field is displayed (TC1536)","Personal Details — read-only verification (TC1535-1546)","2026-09-12","passed","2026-09-12","","","",""
"","5","Android: create Auto Top-Up, verify, delete and verify absence","","2026-03-25","skipped","2026-03-25","","","",""
"","42247","FX-1.7 Complete EUR → USD exchange — transaction appears on home screen","FX Exchange","2026-08-12","broken","2026-08-12","","","",""
"","213129","create Auto Top-Up, verify, delete and verify absence","Auto Top-Up","2026-08-25","passed","2026-08-25","","","",""
"","","""before all"" hook for Business Cards - No-Rights User Add Card Blocked","","2026-08-05","unknown","","","","",""
"","127488","Home search returns Carlos Cat for query ""cat""","Home Search - Individual","2026-07-14","passed","2026-07-14","","","",""
"","685","AFBT-2.6 Verify all available wallets are displayed","Add Funds - Bank Transfer - Wallet Manager","2026-08-25","passed","2026-08-25","","","",""
"","15118","ABC-1.10 Freeze the card","Business Cards - Assign Physical card and lifecycle","2026-06-26","broken","2026-06-26","","","",""
"","21817","BCAS-1.4 Select self as assignee","Business Cards - Admin Self-Assign Card Blocked","2026-08-05","broken","2026-08-05","","","",""
"","","""before all"" hook for Price Alerts (iOS/Android)","","2026-04-27","unknown","","","","",""
"","177714","exchanges from EUR to Dollar wallet and verifies Exchanged to USD on home","FX Exchange","2026-08-17","passed","2026-08-17","","","",""
"","321669","creates a new individual account through mobile verification","Onboarding - account creation","2026-08-25","passed","2026-08-25","","","",""
"","","""before all"" hook for Orders (iOS/Android)","","2026-09-17","unknown","","","","",""
"","6324","BCR-3.6 Select a random wallet that is not the currently assigned one","Business Cards - Relink Card to Existing Wallet","2026-07-31","passed","2026-07-31","","","",""
"","","""before all"" hook for Portfolio (iOS/Android)","","2026-06-04","unknown","","","","",""
"","","""before all"" hook for Cash Funds (Mobile)","","2026-09-05","unknown","","","","",""
"","","""before all"" hook for Portfolio (iOS/Android)","","2026-09-05","unknown","","","","",""
"","","""before all"" hook for FX Exchange","","2026-08-12","unknown","","","","",""
"","2450","ABC-1.4 Select Physical Card type","Business Cards - Assign Physical card and lifecycle","2026-06-26","passed","2026-06-26","","","",""
"","15101","BCF-1.1 Open More → Administration (TC1738/TC1739)","Business Cards - Freeze/UnFreeze Other User Virtual Card","2026-09-04","passed","2026-09-04","","","",""
"","","""before all"" hook for Transactions","","2026-08-19","unknown","","","","",""
"","","""before all"" hook for Card Management - Joint account","","2026-07-29","unknown","","","","",""
"","","""before all"" hook for Bank Transfer - SEPA Individual","","2026-09-16","unknown","","","","",""
"","17193","AB-USD-1.6 Select USD wallet / currency","Add Beneficiary - Another person (USD) - step by step","2026-09-04","passed","2026-09-04","","","",""
"","","""before all"" hook for Business Cards - Card Limit Reached (TC1745/TC1747)","","2026-08-05","unknown","","","","",""
"","6079","AFBT-2.3 Select Bank Transfer option","Add Funds - Bank Transfer - Wallet Manager","2026-08-25","passed","2026-08-25","","","",""
"","5557","AB-USD-1.4 Select beneficiary type","Add Beneficiary - Another person (USD) - step by step","2026-08-25","passed","2026-08-25","","","",""
"","","""before all"" hook for Orders (iOS/Android)","","2026-04-30","unknown","","","","",""
"","40","CARD-1.2 View Card PIN","Card Management - Joint account","2026-07-29","skipped","2026-07-29","","","",""
"","115050","create Auto Top-Up, verify, delete and verify absence","Auto Top-Up","2026-08-13","passed","2026-08-13","","","",""
"","299","TX-2.5 Verify Transactions header is displayed","Transactions","2026-09-01","passed","2026-09-01","","Business identity","",""
"","7603","AB-USD-1.7 Enter beneficiary name","Add Beneficiary - Another person (USD) - step by step","2026-08-19","passed","2026-08-19","","","",""
"","264663","OB-1.1 Create new individual account (iOS)","Onboarding - account creation","2026-09-17","passed","2026-09-17","","","",""
"","33951","FX-1.2 GBP (zero balance): insufficient-balance error shown and exchange button disabled","FX Exchange","2026-09-04","passed","2026-09-04","","","",""
"","17663","BCAS-1.5 Dismiss alert","Business Cards - Admin Self-Assign Card Blocked","2026-08-05","broken","2026-08-05","","","",""
"","","""before all"" hook for Business Cards - Admin Self-Assign Card Blocked","","2026-08-04","unknown","","","","",""
"","146","AFBT-2.9 Verify wallet identifier is displayed","Add Funds - Bank Transfer - Wallet Manager","2026-08-17","passed","2026-08-17","","","",""
"","66659","CPA-1.1 Select Individual account","Price Alerts (iOS/Android)","2026-09-05","passed","2026-09-05","","","",""
"","5836","BCT-2.4 Select Virtual Card type","Business Cards - Create and Terminate Own Virtual Card","2026-08-03","passed","2026-08-03","","","",""
"","","""before all"" hook for Orders (iOS/Android)","","2026-09-16","unknown","","","","",""
"","444","FX-1.1 Exchange screen loads and exchange form is visible","FX Exchange","2026-09-04","passed","2026-09-04","","","",""
"","","""before all"" hook for Card freeze/unfreeze - Joint account","","2026-09-17","unknown","","","","",""
"","","""before all"" hook for Business Cards - Admin Self-Assign Card Blocked","","2026-08-04","unknown","","","","",""
"","","""before all"" hook for Bank Transfer - SEPA Individual","","2026-09-16","unknown","","","","",""
"","","""before all"" hook for Cash Funds (Mobile)","","2026-06-11","unknown","","","","",""
"","288","TX-2.8 Verify no loading or navigation errors occur","Transactions","2026-09-01","passed","2026-09-01","","Business identity","",""
"","","""before all"" hook for Home Search - Individual","","2026-09-17","unknown","","","","",""
"","","""before all"" hook for Orders (iOS/Android)","","2026-06-15","unknown","","","","",""
"","14518","BCT-2.1 Open More → Administration (TC1740/TC1741)","Business Cards - Create and Terminate Own Virtual Card","2026-09-02","passed","2026-09-02","","","",""
"","","""before all"" hook for Auto Top-Up","","2026-07-01","unknown","","","","",""
"","8077","PC-1.4 Create and confirm physical-card PIN (Android)","Physical card creation and blocking - Individual","2026-09-05","passed","2026-09-05","","","",""
"","85","VOP-2.1 VOP screen is displayed after submitting beneficiary details","VOP - Beneficiary Creation (Android)","2026-08-10","passed","2026-08-10","","","",""
"","","""before all"" hook for Price Alerts (iOS/Android)","","2026-04-28","unknown","","","","",""
"","5566","MPP-1.3 Select Price Plan option","My Price Plan","2026-08-19","passed","2026-08-19","","","",""
"","69","PC-1.7 Open Cards, select Physical and confirm design (iOS)","Physical card creation and blocking - Individual","2026-09-05","skipped","2026-09-05","","","",""
"","","""before all"" hook for Cash Funds (Mobile)","","2026-04-20","unknown","","","","",""
"","346","AFBT-2.5 Verify Wallet Manager screen loads successfully","Add Funds - Bank Transfer - Wallet Manager","2026-09-04","passed","2026-09-04","","","",""
"","20038","AB-USD-1.9 Enter BIC/SWIFT code and continue","Add Beneficiary - Another person (USD) - step by step","2026-09-04","passed","2026-09-04","","","",""
"","","""before all"" hook for Physical card creation, freezing and deletion - Individual","","2026-09-16","unknown","","","","",""
"","422","BCF-1.7 Verify card is active again — Freeze button visible","Business Cards - Freeze/UnFreeze Other User Virtual Card","2026-09-03","passed","2026-09-03","","","",""
"","1811","MPP-1.7 Verify billing frequency displayed","My Price Plan","2026-07-23","skipped","2026-07-23","","","",""
"","10049","AB-USD-1.3 Tap Add Beneficiary","Add Beneficiary - Another person (USD) - step by step","2026-08-19","passed","2026-08-19","","","",""
"","17613","BCW-1.11 Tap Add to submit","Business Cards - Create New Wallet (TC1717/TC1718/TC1719)","2026-09-02","broken","2026-09-02","","","",""
"","17369","AB-USD-1.9 Enter BIC/SWIFT code and continue","Add Beneficiary - Another person (USD) - step by step","2026-09-04","passed","2026-09-04","","","",""
"","196277","Home screen elements are visible","Home Screen - Individual","2026-08-25","passed","2026-08-25","","","",""
"","164307","Home search returns Carlos Cat for query ""cat""","Home Search - Individual","2026-08-06","passed","2026-08-06","","","",""
"","1000","TX-2.4 Verify navigation to Transactions screen","Transactions","2026-08-20","passed","2026-08-20","","Business identity","",""
"","182659","exchanges from EUR to Dollar wallet and verifies Exchanged to USD on home","FX Exchange","2026-08-17","broken","2026-08-17","","","",""
"","","exchanges from EUR to Dollar wallet and verifies Exchanged to USD on home","FX Exchange","2026-06-09","unknown","","","","",""
"","58346","ABC-1.10 Wait for created card details screen","Business Cards - Assign Physical card","2026-09-03","broken","2026-09-03","","","",""
"","","HS-SA-1.3 Validate current month spend","Home Screen - Spend Analytics","2026-08-19","unknown","","","","",""
"","","""before all"" hook for Business Cards - Card Limit Reached (TC1745/TC1747)","","2026-09-02","unknown","","","","",""
"","","""before all"" hook for Auto Top-Up","","2026-08-22","unknown","","","","",""
"","5273","BCT-2.8 Close success sheet and return to Manage Cards","Business Cards - Create and Terminate Own Virtual Card","2026-09-04","passed","2026-09-04","","","",""
"","54138","HM-STORY-1.5 Verify Storyly widget does not overlap other sections","Home Screen - Storyly widget","2026-08-19","broken","2026-08-19","","","",""
"","","""before all"" hook for Portfolio (iOS/Android)","","2026-09-17","unknown","","","","",""
"","","""before all"" hook for Orders (iOS)","","2026-04-27","unknown","","","","",""
"","","""before all"" hook for Auto Top-Up","","2026-07-01","unknown","","","","",""
"","","""before all"" hook for Bank Transfer - SWIFT Individual","","2026-09-17","unknown","","","","",""
"","16806","SSP-1.1 Open Add Funds from home","Add Funds – Salary, Stipend or Pension","2026-08-19","passed","2026-08-19","","","",""
"","","""before all"" hook for Portfolio (iOS/Android)","","2026-06-05","unknown","","","","",""
"","4302","VOP-1.5 Close VOP sheet","VOP - SEPA (Android)","2026-08-10","passed","2026-08-10","","","",""
"","38257","FX-1.2 [Android] GBP (zero balance): insufficient-balance error shown and exchange button disabled","FX Exchange","2026-08-13","passed","2026-08-13","","","",""
"","24672","P2P-1.4 Verify transaction on Home (iOS)","Bank Transfer - P2P Individual","2026-09-17","passed","2026-09-17","","","",""
"","277","FX-1.2 [Android] Exchange button is disabled when no amount is entered","FX Exchange","2026-08-11","passed","2026-08-11","","","",""
"","10053","FC-1.1 Open Joint Cards and prepare the existing active-state precondition","Card freeze/unfreeze - Joint account","2026-09-05","passed","2026-09-05","","","",""
"","51686","SWIFT-1.1 Open payment screen and fill amount (Android)","Bank Transfer - SWIFT Individual","2026-09-17","passed","2026-09-17","","","",""
"","9829","BCT-2.12 Verify terminated card appears in Inactive tab (TC1741)","Business Cards - Create and Terminate Own Virtual Card","2026-09-04","passed","2026-09-04","","","",""
"","26","SSP-1.4 Tap Next","Add Funds – Salary, Stipend or Pension","2026-08-19","passed","2026-08-19","","","",""
"","454","BCR-3.5 Verify Select Wallet sheet is displayed","Business Cards - Relink Card to Existing Wallet","2026-09-02","passed","2026-09-02","","","",""
"","13582","ABC-1.9 Verify success modal and close","Business Cards - Assign Physical card","2026-09-04","passed","2026-09-04","","","",""
"","12897","SSP-1.1 Open Add Funds from home","Add Funds – Salary, Stipend or Pension","2026-08-19","passed","2026-08-19","","","",""
"","22376","SA-1.2 Switch from Business to Individual","Home Account Switch","2026-09-05","passed","2026-09-05","","","",""
"","12886","BCAS-1.4 Dismiss popup","Business Cards - Admin Self-Assign Card Blocked","2026-08-05","broken","2026-08-05","","","",""
"","155043","Create card -> success","Physical card creation - Individual","2026-03-13","passed","2026-03-13","","","",""
"","152062","exchanges from EUR to Dollar wallet and verifies Exchanged to USD on home","FX Exchange","2026-09-04","passed","2026-09-04","","","",""
"","","""before all"" hook for Bank Transfer - P2P Individual","","2026-09-14","unknown","","","","",""
"","45192","PC-1.5 Complete physical-card OTP and close card sheet (Android)","Physical card creation and blocking - Individual","2026-09-05","passed","2026-09-05","","","",""
"","417","TX-2.1 Switch to Business identity and land on Home screen","Transactions","2026-09-01","passed","2026-09-01","","Business identity","",""
"","292","TX-1.6 Verify transaction list is displayed","Transactions","2026-08-20","passed","2026-08-20","","","",""
"","13748","PD-1.2 Navigate More → Settings → Personal Details","Personal Details — read-only verification (TC1535-1546)","2026-09-12","passed","2026-09-12","","","",""
"","209214","Home search returns Carlos Cat for query ""cat""","Home Search - Individual","2026-09-04","passed","2026-09-04","","","",""
"","","""before all"" hook for Price Alerts (iOS/Android)","","2026-09-17","unknown","","","","",""
"","12529","AB-USD-1.2 Tap New Transfer / Add button","Add Beneficiary - Another person (USD) - step by step","2026-08-19","passed","2026-08-19","","","",""
"","429","WL-1.2 Wait for Home","Watchlist (iOS/Android)","2026-09-05","passed","2026-09-05","","","",""
"","13770","SSP-1.1 Open Add Funds from home","Add Funds – Salary, Stipend or Pension","2026-09-04","passed","2026-09-04","","","",""
"","23187","PT-1.1 Open portfolio page from Invest (iOS)","Portfolio (iOS/Android)","2026-09-17","passed","2026-09-17","","","",""
"","16015","AB-USD-1.2 Tap New Transfer / Add button","Add Beneficiary - Another person (USD) - step by step","2026-09-04","passed","2026-09-04","","","",""
"","28021","MPP-1.9 Verify included benefits displayed","My Price Plan","2026-08-19","broken","2026-08-19","","","",""
"","14911","ABC-1.9 Freeze the card","Business Cards - Assign Physical card and lifecycle","2026-06-26","broken","2026-06-26","","","",""
"","3446","BCAS-1.2 Tap Add Card","Business Cards - Admin Self-Assign Card Blocked","2026-08-06","passed","2026-08-06","","","",""
"","550","TX-1.5 Verify Transactions header is displayed","Transactions","2026-09-04","passed","2026-09-04","","","",""
"","","""before all"" hook for Business Cards - Create and Terminate Own Virtual Card","","2026-07-31","unknown","","","","",""
"","6964","BCT-2.10 Freeze the virtual card (required before termination)","Business Cards - Create and Terminate Own Virtual Card","2026-09-02","passed","2026-09-02","","","",""
"","231","TX-2.5 Verify Transactions header is displayed","Transactions","2026-08-20","passed","2026-08-20","","Business identity","",""
"","","""before all"" hook for Portfolio (iOS)","","2026-04-23","unknown","","","","",""
"","1","BT-SEPA-1.6 Review and slide to submit SEPA payment (iOS)","Bank Transfer - Individual - SEPA","2026-09-05","skipped","2026-09-05","","","",""
"","","""before all"" hook for Card freeze/unfreeze - Joint account","","2026-09-17","unknown","","","","",""
"","434","BCCL-2.4 Verify ""User card limit reached"" for physical cards (TC1747)","Business Cards - Card Limit Reached (TC1745/TC1747)","2026-09-03","passed","2026-09-03","","","",""
"","","""before all"" hook for Auto Top-Up","","2026-08-17","unknown","","","","",""
"","","""before all"" hook for Watchlist (iOS)","","2026-04-23","unknown","","","","",""
"","1140","HS-1.3 Verify action buttons","Home Screen - Individual","2026-09-17","passed","2026-09-17","","","",""
"","17784","BCW-1.9 Enter wallet name ""AutoWallet_201219""","Business Cards - Create New Wallet (TC1717/TC1718/TC1719)","2026-08-04","broken","2026-08-04","","","",""
"","7607","BCCL-2.1 Go back to Manage Cards","Business Cards - Card Limit Reached (TC1745/TC1747)","2026-08-05","broken","2026-08-05","","","",""
"","123669","HS-SA-1.1 Login and land on Home screen","Home Screen - Spend Analytics","2026-08-19","passed","2026-08-19","","","",""
"","3582","ABC-1.6 Order default card design","Business Cards - Assign Physical card and lifecycle","2026-06-26","passed","2026-06-26","","","",""
"","262","TX-2.6 Verify transaction list is displayed","Transactions","2026-09-01","passed","2026-09-01","","Business identity","",""
"","8780","DS-1.3 Open Invest, Discover and verify Cash Funds screen","Cash Funds (Mobile)","2026-09-05","passed","2026-09-05","","","",""
"","","""before all"" hook for Business Cards - Admin Self-Assign Card Blocked","","2026-08-05","unknown","","","","",""
"","","""before all"" hook for Home Search - Individual","","2026-09-16","unknown","","","","",""
"","","""before all"" hook for Add Funds - Bank Transfer - Wallet Manager","","2026-09-02","unknown","","","","",""
"","","""before all"" hook for Orders (iOS)","","2026-04-24","unknown","","","","",""
"","","""before all"" hook for Portfolio (iOS/Android)","","2026-08-25","unknown","","","","",""
"","39","SA-1.3 Switch from Individual to Joint (iOS)","Home Account Switch","2026-09-05","skipped","2026-09-05","","","",""
"","","""before all"" hook for Portfolio (iOS/Android)","","2026-09-17","unknown","","","","",""
"","","""before all"" hook for Auto Top-Up","","2026-09-05","unknown","","","","",""
"","392","TX-1.7 Verify transactions are grouped by date","Transactions","2026-08-20","passed","2026-08-20","","","",""
"","4777","BCT-2.8 Close success sheet and return to Manage Cards","Business Cards - Create and Terminate Own Virtual Card","2026-09-02","passed","2026-09-02","","","",""
"","70815","Login flow -> Home Screen Verification","Matrix - Smoke","2026-05-28","passed","2026-05-28","","","",""
"","469","HS-1.5 Verify notification banner","Home Screen - Individual","2026-09-17","passed","2026-09-17","","","",""
"","","""before all"" hook for Business Cards - Admin Self-Assign Card Blocked","","2026-08-06","unknown","","","","",""
"","32556","FX-1.6 [Android] EUR → CHF: to-amount recalculates when destination wallet changes","FX Exchange","2026-08-13","passed","2026-08-13","","","",""
"","18817","O-1.3 Enter personal details","Onboarding - account creation","2026-09-05","passed","2026-09-05","","","",""
"","17843","BCW-1.8 Tap Add New Wallet","Business Cards - Create New Wallet (TC1717/TC1718/TC1719)","2026-09-02","broken","2026-09-02","","","",""
"","13750","AF-1.1 Open Add Funds from Home","Add Funds","2026-09-17","passed","2026-09-17","","","",""
"","13088","AFBT-2.2 Open Add Funds","Add Funds - Bank Transfer - Wallet Manager","2026-08-25","passed","2026-08-25","","","",""
"","471","PD-1.1 Wait for Home","Personal Details — read-only verification (TC1535-1546)","2026-09-12","passed","2026-09-12","","","",""
"","109840","create price alert (BMW)","Price Alerts (iOS/Android)","2026-08-13","passed","2026-08-13","","","",""
"","18840","CARD-1.1 Verify card management actions are displayed for an existing card","Card Management - Joint account","2026-09-03","passed","2026-09-03","","","",""
"","4574","AFBT-2.1 Open Home screen","Add Funds - Bank Transfer - Wallet Manager","2026-08-19","passed","2026-08-19","","","",""
"","","""before all"" hook for Business Cards - Freeze/UnFreeze Other User Virtual Card","","2026-07-30","unknown","","","","",""
"","16182","AB-USD-1.2 Tap New Transfer / Add button","Add Beneficiary - Another person (USD) - step by step","2026-09-04","passed","2026-09-04","","","",""
"","","""before all"" hook for Personal Details — read-only verification (TC1535-1546)","","2026-09-09","unknown","","","","",""
"","23377","SSP-1.2 Select Salary, Stipend or Pension tile","Add Funds – Salary, Stipend or Pension","2026-08-19","broken","2026-08-19","","","",""
"","145","CB-1.7 Review Payment button is present","Cross-Border Payment - SWIFT (Android)","2026-08-11","passed","2026-08-11","","","",""
"","2504","PD-1.9 Edit last name (TC1541)","Personal Details — read-only verification (TC1535-1546)","2026-09-12","passed","2026-09-12","","","",""
"","","""before all"" hook for FX Exchange","","2026-08-12","unknown","","","","",""
"","17482","BCW-1.10 Enter wallet name ""AutoWallet_578948""","Business Cards - Create New Wallet (TC1717/TC1718/TC1719)","2026-09-02","broken","2026-09-02","","","",""
"","50213","adds instrument to watchlist (from existing list)","Watchlist (iOS/Android)","2026-09-04","passed","2026-09-04","","","",""
"","220243","Create card -> success","Virtual card creation - Individual","2026-03-12","passed","2026-03-12","","","",""
"","5479","BCT-2.10 Freeze the virtual card (required before termination)","Business Cards - Create and Terminate Own Virtual Card","2026-08-03","passed","2026-08-03","","","",""
"","44","VOP-2.4 VOP close button is present","VOP - Beneficiary Creation (Android)","2026-08-10","passed","2026-08-10","","","",""
"","1","BT-SEPA-1.4 Return Home and verify negative amount (Android)","Bank Transfer - Individual - SEPA","2026-09-05","skipped","2026-09-05","","","",""
"","37950","HS-1.1 Verify account header","Home Screen - Individual","2026-09-17","passed","2026-09-17","","","",""
"","50","VOP-2.4 VOP close button is present","VOP - Beneficiary Creation (Android)","2026-08-10","passed","2026-08-10","","","",""
"","835","BCR-3.2 Verify Manage Cards screen is displayed","Business Cards - Relink Card to Existing Wallet","2026-09-02","passed","2026-09-02","","","",""
"","","""before all"" hook for Portfolio (iOS)","","2026-04-23","unknown","","","","",""
"","14","3DS2-1.5 Verify 3DS2 challenge screen loads","3DS2 Authentication","2026-07-02","skipped","2026-07-02","","","",""
"","103038","HM-STORY-1.1 Login and land on Home screen","Home Screen - Storyly widget","2026-09-04","passed","2026-09-04","","","",""
"","","Send SWIFT by slide (11)","Bank Transfer - Individual - SWIFT","2026-09-04","unknown","","","","",""
"","7385","AB-USD-1.1 Open Pay tab","Add Beneficiary - Another person (USD) - step by step","2026-08-19","passed","2026-08-19","","","",""
"","662","ABC-1.10 Verify physical card appears as Pending in Manage Cards","Business Cards - Assign Physical card","2026-09-03","passed","2026-09-03","","","",""
"","183779","Create card -> success","Physical card creation - Individual","2026-04-30","broken","2026-04-30","","","",""
"","97739","AB-USD-1.11 Confirm OTP and verify beneficiary created successfully","Add Beneficiary - Another person (USD) - step by step","2026-09-04","broken","2026-09-04","","","",""
"","34353","FX-1.1 Exchange EUR to USD and verify on Home","FX Exchange","2026-09-17","passed","2026-09-17","","","",""
"","22650","BCW-1.9 Verify New Wallet form is displayed","Business Cards - Create New Wallet (TC1717/TC1718/TC1719)","2026-09-02","broken","2026-09-02","","","",""
"","1041","BCNR-1.2 Tap Add Card","Business Cards - No-Rights User Add Card Blocked","2026-09-03","passed","2026-09-03","","","",""
"","5665","BCW-1.6 Open Select Wallet from Spend From","Business Cards - Create New Wallet (TC1717/TC1718/TC1719)","2026-09-02","passed","2026-09-02","","","",""
"","26","BT-SWIFT-1.6 Review and slide to submit SWIFT payment (iOS)","Bank Transfer - Individual - SWIFT","2026-09-05","skipped","2026-09-05","","","",""
"","133120","Home search returns Carlos Cat for query ""cat""","Home Search - Individual","2026-08-13","passed","2026-08-13","","","",""
"","39950","BT-SEPA-1.1 Prepare the existing Individual transfer context","Bank Transfer - Individual - SEPA","2026-09-05","passed","2026-09-05","","","",""
"","","""before all"" hook for Orders (iOS/Android)","","2026-05-26","unknown","","","","",""
"","","""before all"" hook for Bank Transfer - SEPA Individual","","2026-09-17","unknown","","","","",""
"","7505","BCAS-1.3 Verify admin self-assign blocked popup appears","Business Cards - Admin Self-Assign Card Blocked","2026-08-05","broken","2026-08-05","","","",""
"","140181","Send P2P by slide (11 EUR)","Bank Transfer - Individual","2026-08-17","broken","2026-08-17","","","",""
"","29864","HAS-1.1 Switch between available account types","Home Account Switch","2026-09-17","passed","2026-09-17","","","",""
"","93513","opens Cash Funds from Invest -> Discover","Cash Funds (Mobile)","2026-08-17","passed","2026-08-17","","","",""
"","","""before all"" hook for Business Cards - Freeze/UnFreeze Other User Virtual Card","","2026-08-03","unknown","","","","",""
"","","""before all"" hook for Personal Details — read-only verification (TC1535-1546)","","2026-09-10","unknown","","","","",""
"","1891","CARD-1.6 Verify physical card is primary","Card Management - Joint account","2026-09-03","passed","2026-09-03","","","",""
"","","""before all"" hook for Orders Regression (iOS/Android)","","2026-09-01","unknown","","","","",""
"","","""before all"" hook for Bank Transfer - SWIFT Individual","","2026-09-16","unknown","","","","",""
"","32214","MPP-1.3 Select Price Plan option","My Price Plan","2026-08-19","broken","2026-08-19","","","",""
"","32153","AUTH-1.1 Incorrect passcode — error message is shown","Authentication - Security","2026-09-04","passed","2026-09-04","","","",""
"","","""before all"" hook for Cash Funds (Mobile)","","2026-09-05","unknown","","","","",""
"","3493","BCT-2.3 Tap Assign Card button","Business Cards - Create and Terminate Own Virtual Card","2026-08-03","passed","2026-08-03","","","",""
"","14093","HS-SA-1.2 Spend Analytics section is visible","Home Screen - Spend Analytics","2026-08-19","passed","2026-08-19","","","",""
"","8154","AB-USD-1.7 Enter beneficiary name","Add Beneficiary - Another person (USD) - step by step","2026-09-04","passed","2026-09-04","","","",""
"","144785","Send SEPA by slide (11 EUR)","Bank Transfer - Individual - SEPA","2026-04-05","passed","2026-04-05","","","",""
"","928","MPP-1.6 Verify plan fee displayed","My Price Plan","2026-09-04","passed","2026-09-04","","","",""
"","874","DS-1.1 Select Individual account","Cash Funds (Mobile)","2026-09-05","passed","2026-09-05","","","",""
"","2634","SSP-1.5 Verify instruction screen with IBAN, BIC and Bank Name","Add Funds – Salary, Stipend or Pension","2026-07-24","passed","2026-07-24","","","",""
"","22404","BCW-1.12 Verify ""Add Wallet"" dialog appears","Business Cards - Create New Wallet (TC1717/TC1718/TC1719)","2026-09-02","broken","2026-09-02","","","",""
"","13513","AB-USD-1.6 Select USD wallet / currency","Add Beneficiary - Another person (USD) - step by step","2026-09-04","passed","2026-09-04","","","",""
"","98038","Send P2P by slide (11 EUR)","Bank Transfer - Individual","2026-04-29","passed","2026-04-29","","","",""
"","47706","AUTH-1.2 App locks after 3 invalid passcode attempts (TC200)","Authentication - Security","2026-07-30","passed","2026-07-30","","","",""
"","","""before all"" hook for Physical card creation, freezing and deletion - Individual","","2026-09-16","unknown","","","","",""
"","","""before all"" hook for Watchlist (iOS/Android)","","2026-05-27","unknown","","","","",""
"","3895","BCR-3.7 Verify Spend From on Card Details updated to the new wallet","Business Cards - Relink Card to Existing Wallet","2026-09-02","passed","2026-09-02","","","",""
"","178424","creates, freezes and deletes a physical card","Physical card creation, freezing and deletion - Individual","2026-08-13","broken","2026-08-13","","","",""
"","329","AFBT-2.5 Verify Wallet Manager screen loads successfully","Add Funds - Bank Transfer - Wallet Manager","2026-08-25","passed","2026-08-25","","","",""
"","191","TX-2.6 Verify transaction list is displayed","Transactions","2026-08-20","passed","2026-08-20","","Business identity","",""
"","","""before all"" hook for Home Search - Individual","","2026-09-18","unknown","","","","",""
"","","""before all"" hook for Bank Transfer - P2P Individual","","2026-09-14","unknown","","","","",""
"","17299","BCW-1.13 Dismiss dialog","Business Cards - Create New Wallet (TC1717/TC1718/TC1719)","2026-08-04","broken","2026-08-04","","","",""
"","9892","AB-USD-1.1 Open Pay tab","Add Beneficiary - Another person (USD) - step by step","2026-09-04","passed","2026-09-04","","","",""
"","","""before all"" hook for Business Cards - Admin Self-Assign Card Blocked","","2026-09-01","unknown","","","","",""
"","","""before all"" hook for FX Exchange","","2026-08-12","unknown","","","","",""
"","","""before all"" hook for Business Cards - Admin Self-Assign Card Blocked","","2026-09-02","unknown","","","","",""
"","","""before all"" hook for Bank Transfer - SEPA Individual","","2026-09-16","unknown","","","","",""
"","7916","MPP-1.2 Open More tab","My Price Plan","2026-09-04","passed","2026-09-04","","","",""
"","18191","opens 3.5% Simonds Farsons Cisk 2027 (via NEXT x2)","Portfolio (iOS/Android)","2026-08-17","passed","2026-08-17","","","",""
"","","""before all"" hook for Business Cards - Relink Card to Existing Wallet","","2026-07-31","unknown","","","","",""
"","720","CB-1.2 ""Pay from"" wallet shows USD","Cross-Border Payment - SWIFT (Android)","2026-09-04","passed","2026-09-04","","","",""
"","","User can navigate to Add New Auto Top-Up screen","Auto Top-Up","2026-03-19","unknown","","","","",""
"","304","VOP-1.2 VOP result label shows a valid result","VOP - SEPA (Android)","2026-08-10","passed","2026-08-10","","","",""
"","16602","ABC-1.5 Continue with default assignee","Business Cards - Assign Physical card","2026-07-22","broken","2026-07-22","","","",""
"","1","ABS-1.3 Complete OTP and verify success (iOS)","Add Beneficiary - Another person","2026-09-13","skipped","2026-09-13","","","",""
"","","""before all"" hook for Bank Transfer - P2P Individual","","2026-09-16","unknown","","","","",""
"","27","ABS-1.6 Fill beneficiary details and confirm review (iOS)","Add Beneficiary - Another person","2026-09-05","skipped","2026-09-05","","","",""
"","","""before all"" hook for Bank Transfer - Individual - SEPA","","2026-09-05","unknown","","","","",""
"","2100","ABS-1.1 Prepare beneficiary test data using the existing inputs","Add Beneficiary - Another person","2026-09-05","passed","2026-09-05","","","",""
"","","""before all"" hook for Add Funds","","2026-09-05","unknown","","","","",""
"","","""before all"" hook for FX Exchange","","2026-08-12","unknown","","","","",""
"","","""before all"" hook for Business Cards - Create New Wallet (TC1717/TC1718/TC1719)","","2026-09-02","unknown","","","","",""
"","288","PD-1.12 Verify last name saved (TC1544)","Personal Details — read-only verification (TC1535-1546)","2026-09-12","passed","2026-09-12","","","",""
"","10","Android: User can create Auto Top-Up rule and return to Home","","2026-03-19","skipped","2026-03-19","","","",""
"","8686","FC-1.2 Freeze card and verify Unfreeze action","Card freeze/unfreeze - Joint account","2026-09-05","passed","2026-09-05","","","",""
"","23981","P2P-1.4 Verify transaction on Home (Android)","Bank Transfer - P2P Individual","2026-09-17","passed","2026-09-17","","","",""
"","","""before all"" hook for Business Cards - Admin Self-Assign Card Blocked","","2026-08-04","unknown","","","","",""
"","1986","AFBT-2.10 Verify Wallet Manager screen remains stable","Add Funds - Bank Transfer - Wallet Manager","2026-09-04","passed","2026-09-04","","","",""
"","7630","AB-USD-1.8 Enter account number","Add Beneficiary - Another person (USD) - step by step","2026-08-25","passed","2026-08-25","","","",""
"","","""before all"" hook for Add Funds","","2026-09-05","unknown","","","","",""
"","5530","AFBT-2.4 Open Wallet Manager from Bank Transfer screen","Add Funds - Bank Transfer - Wallet Manager","2026-08-19","passed","2026-08-19","","","",""
"","","""before all"" hook for Add Funds - Bank Transfer - Wallet Manager","","2026-09-02","unknown","","","","",""
"","283175","creates a new individual account through mobile verification","Onboarding - account creation","2026-06-06","passed","2026-06-06","","","",""
"","16619","WL-1.1 Add first existing instrument to watchlist (iOS)","Watchlist (iOS/Android)","2026-09-16","passed","2026-09-16","","","",""
"","72833","opens Cash Funds from Invest -> Discover","Cash Funds (Mobile)","2026-08-17","broken","2026-08-17","","","",""
"","354","AFBT-2.9 Verify wallet identifier is displayed","Add Funds - Bank Transfer - Wallet Manager","2026-08-19","passed","2026-08-19","","","",""
"","83544","opens portfolio page (from Invest)","Portfolio (iOS/Android)","2026-08-17","passed","2026-08-17","","","",""
"","78047","opens 3.5% Simonds Farsons Cisk 2027 (via NEXT x2)","Portfolio (iOS/Android)","2026-04-30","passed","2026-04-30","","","",""
"","1299","AFBT-2.7 Verify wallet currency is displayed correctly","Add Funds - Bank Transfer - Wallet Manager","2026-09-04","passed","2026-09-04","","","",""
"","241","BCNR-1.4 Verify alert message content","Business Cards - No-Rights User Add Card Blocked","2026-09-02","passed","2026-09-02","","","",""
"","54530","BCAS-1.1 Open Cards tab","Business Cards - Admin Self-Assign Card Blocked","2026-08-25","broken","2026-08-25","","","",""
"","124864","create price alert (BMW)","Price Alerts (iOS/Android)","2026-08-25","passed","2026-08-25","","","",""
"","","""before all"" hook for Cash Funds (Mobile)","","2026-07-01","unknown","","","","",""
"","84586","Android: User can open Auto Top-Up entry from Add Funds popup","Auto Top-Up","2026-03-19","passed","2026-03-19","","","",""
"","102902","Login flow -> Home Screen Verification","Matrix - Smoke","2026-09-04","passed","2026-09-04","","","",""
"","","""before all"" hook for Watchlist (iOS/Android)","","2026-09-17","unknown","","","","",""
"","12794","ABC-1.5 Open Card Assignee / Select User","Business Cards - Assign Physical card and lifecycle","2026-06-26","broken","2026-06-26","","","",""
"","9417","HS-SA-1.5 Open Spend Analytics details","Home Screen - Spend Analytics","2026-09-04","passed","2026-09-04","","","",""
"","303","TX-1.8 Verify no loading or navigation errors occur","Transactions","2026-08-20","passed","2026-08-20","","","",""
"","66894","ABC-1.5 Select available assignee","Business Cards - Assign Physical card","2026-09-03","passed","2026-09-03","","","",""
"","","""before all"" hook for Business Cards - Assign Physical card","","2026-09-02","unknown","","","","",""
"","4744","ABC-1.8 Confirm assignee address and submit","Business Cards - Assign Physical card","2026-09-03","passed","2026-09-03","","","",""
"","297967","Create card -> success","Physical card creation - Individual","2026-07-29","passed","2026-07-29","","","",""
"","763","HS-1.7 Check promotional banners when present","Home Screen - Individual","2026-09-05","passed","2026-09-05","","","",""
"","","""before all"" hook for Portfolio (iOS/Android)","","2026-08-21","unknown","","","","",""
"","5291","BCR-3.4 Tap Spend From row to open Select Wallet sheet","Business Cards - Relink Card to Existing Wallet","2026-09-04","passed","2026-09-04","","","",""
"","6291","CB-1.6 Selecting Shared Fee splits cost between parties","Cross-Border Payment - SWIFT (Android)","2026-09-04","passed","2026-09-04","","","",""
"","1086","BCW-1.10 Enter wallet name ""AutoWallet_759543""","Business Cards - Create New Wallet (TC1717/TC1718/TC1719)","2026-09-02","passed","2026-09-02","","","",""
"","","""before all"" hook for Orders (iOS/Android)","","2026-09-17","unknown","","","","",""
"","","Send P2P by slide (11 EUR)","Bank Transfer - Individual","2026-06-04","unknown","","","","",""
"","47","creates, modifies, and cancels BMW buy order","Orders (iOS)","2026-04-29","skipped","2026-04-29","","","",""
"","4412","TX-1.3 Tap Show All from Recent Activity","Transactions","2026-08-20","passed","2026-08-20","","","",""
"","","""before all"" hook for Home Search - Individual","","2026-09-16","unknown","","","","",""
"","","Send SWIFT by slide (11)","Bank Transfer - Individual - SWIFT","2026-09-04","unknown","","","","",""
"","","""before all"" hook for Bank Transfer - P2P Individual","","2026-09-16","unknown","","","","",""
"","241463","Home screen elements are visible","Home Screen - Individual","2026-06-09","passed","2026-06-09","","","",""
"","","""before all"" hook for Cash Funds (iOS)","","2026-04-19","unknown","","","","",""
"","991","WL-1.1 Select Individual account","Watchlist (iOS/Android)","2026-09-05","passed","2026-09-05","","","",""
"","","""before all"" hook for Price Alerts (iOS/Android)","","2026-06-04","unknown","","","","",""
"","28","SSP-1.4 Tap Next","Add Funds – Salary, Stipend or Pension","2026-08-19","passed","2026-08-19","","","",""
"","","""before all"" hook for Card Management - Joint account","","2026-07-29","unknown","","","","",""
"","","""before all"" hook for Bank Transfer - SWIFT Individual","","2026-09-16","unknown","","","","",""
"","207795","creates, modifies, and cancels BMW buy order","Orders (iOS/Android)","2026-08-25","broken","2026-08-25","","","",""
"","","""before all"" hook for Business Cards - Create New Wallet (TC1717/TC1718/TC1719)","","2026-09-02","unknown","","","","",""
"","283","FX-1.3 [Android] Exchange button is disabled when no amount is entered","FX Exchange","2026-08-11","passed","2026-08-11","","","",""
"","10592","HS-1.5 Open available Home actions and return","Home Screen - Individual","2026-09-05","passed","2026-09-05","","","",""
"","658","AFBT-2.7 Verify wallet currency is displayed correctly","Add Funds - Bank Transfer - Wallet Manager","2026-08-17","passed","2026-08-17","","","",""
"","","""before all"" hook for Add Beneficiary - Another person","","2026-09-05","unknown","","","","",""
"","382","MPP-1.1 Login and land on Home screen","My Price Plan","2026-08-19","passed","2026-08-19","","","",""
"","94730","ABC-1.9 Wait for created card details screen","Business Cards - Assign Physical card","2026-07-22","broken","2026-07-22","","","",""
"","8501","HM-STORY-1.2 Verify Storyly widget is visible","Home Screen - Storyly widget","2026-08-19","passed","2026-08-19","","","",""
"","128265","create price alert (BMW)","Price Alerts (iOS/Android)","2026-09-04","passed","2026-09-04","","","",""
"","9070","HM-STORY-1.5 Verify Storyly widget does not overlap other sections","Home Screen - Storyly widget","2026-08-19","passed","2026-08-19","","","",""
"","293746","creates a new individual account through mobile verification","Onboarding - account creation","2026-06-09","passed","2026-06-09","","","",""
"","","""before all"" hook for Orders (iOS)","","2026-04-27","unknown","","","","",""
"","10238","BCW-1.4 Select Virtual Card type","Business Cards - Create New Wallet (TC1717/TC1718/TC1719)","2026-09-02","passed","2026-09-02","","","",""
"","58695","HM-STORY-1.8 Open Storyly content","Home Screen - Storyly widget","2026-08-19","passed","2026-08-19","","","",""
"","7442","MPP-1.2 Open More tab","My Price Plan","2026-08-19","passed","2026-08-19","","","",""
"","81218","ATU-1.1 Open Auto Top-Up and select card and wallet","Auto Top-Up","2026-09-18","broken","2026-09-18","","","",""
"","","""before all"" hook for Auto Top-Up","","2026-08-22","unknown","","","","",""
"","4","SEPA-1.2 Review and slide to pay (Android)","Bank Transfer - SEPA Individual","2026-09-17","skipped","2026-09-17","","","",""
"","","""before all"" hook for Add Beneficiary - Another person","","2026-09-17","unknown","","","","",""
"","153852","Home screen elements are visible","Home Screen - Individual","2026-04-30","passed","2026-04-30","","","",""
"","2152","HS-SA-1.3 Validate current month spend","Home Screen - Spend Analytics","2026-08-19","passed","2026-08-19","","","",""
"","5512","AFBT-2.1 Open Home screen","Add Funds - Bank Transfer - Wallet Manager","2026-09-04","passed","2026-09-04","","","",""
"","","""before all"" hook for Business Cards - Admin Self-Assign Card Blocked","","2026-08-04","unknown","","","","",""
"","","""before all"" hook for Orders (iOS)","","2026-04-24","unknown","","","","",""
"","56104","User can open Pay tab in Business context","Bank Transfer - Business","2026-02-16","passed","2026-02-16","","","",""
"","409","PO-1.2 Wait for Home","Orders (iOS/Android)","2026-09-05","passed","2026-09-05","","","",""
"","45907","Login flow -> Home Screen Verification","Matrix - Smoke","2026-04-30","passed","2026-04-30","","","",""
"","","""before all"" hook for Cash Funds (Mobile)","","2026-08-25","unknown","","","","",""
"","169771","Home search returns Carlos Cat for query ""cat""","Home Search - Individual","2026-08-25","passed","2026-08-25","","","",""
"","1603","VOP-1.3 VOP result is Unavailable","VOP - SWIFT (Android)","2026-08-10","broken","2026-08-10","","","",""
"","830","BCT-2.7 Verify card assigned successfully","Business Cards - Create and Terminate Own Virtual Card","2026-08-03","passed","2026-08-03","","","",""
"","","""before all"" hook for FX Exchange","","2026-09-17","unknown","","","","",""
"","19510","adds instrument to watchlist (from existing list)","Watchlist (iOS)","2026-04-22","passed","2026-04-22","","","",""
"","","""before all"" hook for FX Exchange","","2026-09-05","unknown","","","","",""
"","112340","User can open Auto Top-Up list from Add Funds popup","Auto Top-Up","2026-03-19","broken","2026-03-19","","","",""
"","","""before all"" hook for Auto Top-Up","","2026-03-25","unknown","","","","",""
"","18095","opens portfolio page (from Invest)","Portfolio (iOS/Android)","2026-04-30","passed","2026-04-30","","","",""
"","6041","BT-SWIFT-1.3 Wait for slider and submit SWIFT payment (Android)","Bank Transfer - Individual - SWIFT","2026-09-05","passed","2026-09-05","","","",""
"","982","BCW-1.10 Enter wallet name ""AutoWallet_646743""","Business Cards - Create New Wallet (TC1717/TC1718/TC1719)","2026-09-02","passed","2026-09-02","","","",""
"","100051","Login flow -> Home Screen Verification","Matrix - Smoke","2026-09-05","passed","2026-09-05","","","",""
"","94651","Login flow -> Home Screen Verification","Matrix - Smoke","2026-06-04","broken","2026-06-04","","","",""
"","","""before all"" hook for My Price Plan","","2026-06-24","unknown","","","","",""
"","302","TX-2.1 Switch to Business identity and land on Home screen","Transactions","2026-08-20","passed","2026-08-20","","Business identity","",""
"","10208","ABC-1.3 Open Card Type selection and confirm change","Business Cards - Assign Physical card","2026-09-04","passed","2026-09-04","","","",""
"","","""before all"" hook for Home Search - Individual","","2026-09-17","unknown","","","","",""
"","9277","ABC-1.3 Open Card Type selection and confirm change","Business Cards - Assign Physical card and lifecycle","2026-06-26","passed","2026-06-26","","","",""
"","","""before all"" hook for Business identity","","2026-09-04","unknown","","","","",""
"","","""before all"" hook for Auto Top-Up","","2026-09-05","unknown","","","","",""
"","646","TX-1.6 Verify transaction list is displayed","Transactions","2026-09-04","passed","2026-09-04","","","",""
"","478","HS-1.6 Check notification banner when present","Home Screen - Individual","2026-09-05","passed","2026-09-05","","","",""
"","5701","BCR-3.3 Open Dmytri Kerteusz card details","Business Cards - Relink Card to Existing Wallet","2026-09-04","passed","2026-09-04","","","",""
"","18703","ATU-1.2 Set preset 500 and custom amount 1500","Auto Top-Up","2026-09-16","passed","2026-09-16","","","",""
"","253838","creates a new individual account through mobile verification","Onboarding - Android account creation","2026-05-20","passed","2026-05-20","","","",""
"","3","Android: User can create and delete Auto Top-Up rule (Other -> 77777)","","2026-03-19","skipped","2026-03-19","","","",""
"","1907","BCAS-1.1 Open Cards tab","Business Cards - Admin Self-Assign Card Blocked","2026-08-05","passed","2026-08-05","","","",""
"","599","AFBT-2.6 Verify all available wallets are displayed","Add Funds - Bank Transfer - Wallet Manager","2026-08-19","passed","2026-08-19","","","",""
"","","""before all"" hook for FX Exchange","","2026-08-12","unknown","","","","",""
"","","""before all"" hook for Auto Top-Up","","2026-09-16","unknown","","","","",""
"","5014","BCR-3.3 Open Dmytri Kerteusz card details","Business Cards - Relink Card to Existing Wallet","2026-07-31","passed","2026-07-31","","","",""
"","13247","AB-USD-1.2 Tap New Transfer / Add button","Add Beneficiary - Another person (USD) - step by step","2026-08-25","passed","2026-08-25","","","",""
"","114365","Add beneficiary (Another person)","Add Beneficiary - Another person","2026-03-13","passed","2026-03-13","","","",""
"","10725","BCT-2.6 Tap Continue to create the virtual card","Business Cards - Create and Terminate Own Virtual Card","2026-09-04","passed","2026-09-04","","","",""
"","1190","AFBT-2.10 Verify Wallet Manager screen remains stable","Add Funds - Bank Transfer - Wallet Manager","2026-08-19","passed","2026-08-19","","","",""
"","22972","BCAS-1.2 Tap Add Card","Business Cards - Admin Self-Assign Card Blocked","2026-08-25","broken","2026-08-25","","","",""
"","","""before all"" hook for Business Cards - Create New Wallet (TC1717/TC1718/TC1719)","","2026-09-01","unknown","","","","",""
"","54954","Login flow -> Home Screen Verification","Matrix - Smoke","2026-05-25","passed","2026-05-25","","","",""
"","5398","BCF-1.1 Open More → Administration (TC1738/TC1739)","Business Cards - Freeze/UnFreeze Other User Virtual Card","2026-08-03","passed","2026-08-03","","","",""
"","7331","AFBT-2.4 Open Wallet Manager from Bank Transfer screen","Add Funds - Bank Transfer - Wallet Manager","2026-09-04","passed","2026-09-04","","","",""
"","","""before all"" hook for Business Cards - Create and Terminate Own Virtual Card","","2026-09-02","unknown","","","","",""
"","0","User can open Pay tab in Business context","","2026-04-29","skipped","2026-04-29","","","",""
"","","""before all"" hook for Bank Transfer - P2P Individual","","2026-09-16","unknown","","","","",""
"","86146","User can open Auto Top-Up list from Add Funds popup","Auto Top-Up","2026-03-19","broken","2026-03-19","","","",""
"","27","PO-1.4 Open order details and verify ACTIVE with initial quantity (iOS)","Orders (iOS/Android)","2026-09-05","skipped","2026-09-05","","","",""
"","14126","BCW-1.5 Select self (Dmytro Kertys) as assignee","Business Cards - Create New Wallet (TC1717/TC1718/TC1719)","2026-09-02","passed","2026-09-02","","","",""
"","6647","AFBT-2.3 Select Bank Transfer option","Add Funds - Bank Transfer - Wallet Manager","2026-08-17","passed","2026-08-17","","","",""
"","23030","BCCL-1.2 Tap Assign Card","Business Cards - Card Limit Reached (TC1745/TC1747)","2026-09-01","broken","2026-09-01","","","",""
"","780","BCW-1.2 Verify Manage Cards screen is displayed","Business Cards - Create New Wallet (TC1717/TC1718/TC1719)","2026-09-02","passed","2026-09-02","","","",""
"","","""before all"" hook for Orders (iOS/Android)","","2026-07-20","unknown","","","","",""
"","5899","ABC-1.7 Order default card design","Business Cards - Assign Physical card","2026-09-03","passed","2026-09-03","","","",""
"","63645","opens portfolio page (from Invest)","Portfolio (iOS/Android)","2026-09-04","passed","2026-09-04","","","",""
"","10212","ABC-1.3 Open Card Type selection and confirm change","Business Cards - Assign Physical card","2026-09-03","passed","2026-09-03","","","",""
"","39722","create and delete price alert (BMW)","Price Alerts (iOS/Android)","2026-04-09","broken","2026-04-09","","","",""
"","13349","BCAS-1.4 Verify alert message content","Business Cards - Admin Self-Assign Card Blocked","2026-08-05","broken","2026-08-05","","","",""
"","28124","opens 3.5% Simonds Farsons Cisk 2027 (via NEXT x2)","Portfolio (iOS/Android)","2026-07-28","passed","2026-07-28","","","",""
"","16690","PC-1.1 Open Cards using the existing Android entry step","Physical card creation and blocking - Individual","2026-09-05","passed","2026-09-05","","","",""
"","3328","CPA-1.5 Open Overview and verify the created BMW row (Android)","Price Alerts (iOS/Android)","2026-09-05","passed","2026-09-05","","","",""
"","5438","BCT-2.1 Open More → Administration (TC1740/TC1741)","Business Cards - Create and Terminate Own Virtual Card","2026-08-03","passed","2026-08-03","","","",""
"","499","PD-1.5 Last name field is displayed (TC1537)","Personal Details — read-only verification (TC1535-1546)","2026-09-12","passed","2026-09-12","","","",""
"","","""before all"" hook for Price Alerts (iOS/Android)","","2026-09-01","unknown","","","","",""
"","131059","create and delete price alert (BMW)","Price Alerts (iOS/Android)","2026-05-22","broken","2026-05-22","","","",""
"","10871","BCR-3.1 Open More → Administration (TC1742/TC1743/TC1744)","Business Cards - Relink Card to Existing Wallet","2026-07-31","passed","2026-07-31","","","",""
"","29024","FX-1.4 Swap button reverses from/to wallets — EUR→USD becomes USD→EUR","FX Exchange","2026-08-13","passed","2026-08-13","","","",""
"","26243","FX-1.4 [Android] Swap button reverses from/to wallets — EUR→USD becomes USD→EUR","FX Exchange","2026-08-13","passed","2026-08-13","","","",""
"","","Home screen elements are visible","Home Screen - Individual","2026-08-06","unknown","","","","",""
"","6071","ABC-1.1 Open Cards tab","Business Cards - Assign Physical card and lifecycle","2026-06-26","passed","2026-06-26","","","",""
"","53907","HM-STORY-1.2 Verify Storyly widget is visible","Home Screen - Storyly widget","2026-08-19","broken","2026-08-19","","","",""
"","","""before all"" hook for Add Beneficiary - Another person (USD) - step by step","","2026-09-04","unknown","","","","",""
"","5823","BCR-3.4 Tap Spend From row to open Select Wallet sheet","Business Cards - Relink Card to Existing Wallet","2026-09-02","passed","2026-09-02","","","",""
"","13","3DS2-1.9 Verify transaction details","3DS2 Authentication","2026-07-02","skipped","2026-07-02","","","",""
"","","""before all"" hook for Home Search - Individual","","2026-09-16","unknown","","","","",""
"","18","PC-1.10 Complete physical-card OTP and handle Apple Pay (iOS)","Physical card creation and blocking - Individual","2026-09-05","skipped","2026-09-05","","","",""
"","151","CB-1.3 Balance and fee are displayed","Cross-Border Payment - SWIFT (Android)","2026-08-11","passed","2026-08-11","","","",""
"","","""before all"" hook for Orders (iOS/Android)","","2026-08-18","unknown","","","","",""
"","","""before all"" hook for Orders (iOS/Android)","","2026-08-17","unknown","","","","",""
"","","""before all"" hook for Watchlist (iOS/Android)","","2026-08-17","unknown","","","","",""
"","502","CB-1.3 Balance and fee are displayed","Cross-Border Payment - SWIFT (Android)","2026-09-04","passed","2026-09-04","","","",""
"","","""before all"" hook for Bank Transfer - Individual","","2026-09-05","unknown","","","","",""
"","","""before all"" hook for FX Exchange","","2026-08-12","unknown","","","","",""
"","17166","BCW-1.10 Enter wallet name ""AutoWallet_167723""","Business Cards - Create New Wallet (TC1717/TC1718/TC1719)","2026-09-02","broken","2026-09-02","","","",""
"","8197","AB-USD-1.1 Open Pay tab","Add Beneficiary - Another person (USD) - step by step","2026-08-25","passed","2026-08-25","","","",""
"","46575","ABS-1.3 Fill beneficiary details and submit existing review flow (Android)","Add Beneficiary - Another person","2026-09-05","passed","2026-09-05","","","",""
"","58","ABC-1.5 Select Las Vegas assignee","Business Cards - Assign Physical card","2026-09-02","passed","2026-09-02","","","",""
"","40","FC-1.4 Preserve the existing iOS final-state behavior","Card freeze/unfreeze - Joint account","2026-09-05","skipped","2026-09-05","","","",""
"","182208","switches between available account types","Home Account Switch","2026-09-04","passed","2026-09-04","","","",""
"","28","SA-1.4 Switch from Joint to Business (iOS)","Home Account Switch","2026-09-05","skipped","2026-09-05","","","",""
"","24912","ABC-1.12 Delete created card via report/block","Business Cards - Assign Physical card","2026-09-02","broken","2026-09-02","","","",""
"","27126","FX-1.7 Complete EUR exchange — transaction appears on home screen","FX Exchange","2026-08-12","broken","2026-08-12","","","",""
"","52","VOP-2.2 VOP screen shows the passed first name","VOP - Beneficiary Creation (Android)","2026-08-10","passed","2026-08-10","","","",""
"","73645","User can open Pay tab","Bank Transfer - Individual","2026-02-17","broken","2026-02-17","","","",""
"","","""before all"" hook for Business Cards - Admin Self-Assign Card Blocked","","2026-08-04","unknown","","","","",""
"","14943","BCW-1.5 Select self (Dmytro Kertys) as assignee","Business Cards - Create New Wallet (TC1717/TC1718/TC1719)","2026-09-02","passed","2026-09-02","","","",""
"","","""before all"" hook for Portfolio (iOS)","","2026-04-21","unknown","","","","",""
"","","""before all"" hook for Personal Details — read-only verification (TC1535-1546)","","2026-09-08","unknown","","","","",""
"","419","AFBT-2.8 Verify wallet balance is displayed","Add Funds - Bank Transfer - Wallet Manager","2026-09-04","passed","2026-09-04","","","",""
"","17094","BCW-1.10 Tap Add to submit","Business Cards - Create New Wallet (TC1717/TC1718/TC1719)","2026-08-04","broken","2026-08-04","","","",""
"","18616","VOP-1.4 Slide to confirm payment","VOP - SWIFT","2026-08-10","broken","2026-08-10","","","",""
"","","""before all"" hook for Card freeze/unfreeze - Joint account","","2026-09-16","unknown","","","","",""
"","","""before all"" hook for Business Cards - Assign Physical card","","2026-09-03","unknown","","","","",""
"","","""before all"" hook for Auto Top-Up","","2026-08-22","unknown","","","","",""
"","","""before all"" hook for Cash Funds (Mobile)","","2026-09-16","unknown","","","","",""
"","6730","HS-1.9 Verify recent activities","Home Screen - Individual","2026-09-17","passed","2026-09-17","","","",""
"","14897","ABC-1.11 Return to Cards and verify the reported card was removed","Business Cards - Assign Physical card and lifecycle","2026-06-26","broken","2026-06-26","","","",""
"","","""before all"" hook for Business Cards - Card Limit Reached (TC1745/TC1747)","","2026-09-04","unknown","","","","",""
"","","switches between available account types","Home Account Switch","2026-08-06","unknown","","","","",""
"","1907","TX-1.4 Verify navigation to Transactions screen","Transactions","2026-09-04","passed","2026-09-04","","","",""
"","","""before all"" hook for Auto Top-Up","","2026-08-25","unknown","","","","",""
"","","""before all"" hook for Price Alerts (iOS/Android)","","2026-09-16","unknown","","","","",""
"","","""before all"" hook for Auto Top-Up","","2026-06-05","unknown","","","","",""
"","","""before all"" hook for Orders (iOS)","","2026-04-23","unknown","","","","",""
"","41054","BCT-2.9 Open own virtual card once it becomes Active (wait from Pending)","Business Cards - Create and Terminate Own Virtual Card","2026-09-02","passed","2026-09-02","","","",""
"","13570","ABC-1.1 Open Cards tab","Business Cards - Assign Physical card","2026-09-03","passed","2026-09-03","","","",""
"","","""before all"" hook for Orders (iOS/Android)","","2026-08-21","unknown","","","","",""
"","","""before all"" hook for Home Search - Individual","","2026-09-18","unknown","","","","",""
"","","""before all"" hook for Watchlist (iOS/Android)","","2026-06-04","unknown","","","","",""
"","222478","create Auto Top-Up, verify, delete and verify absence","Auto Top-Up","2026-09-04","passed","2026-09-04","","","",""
"","","""before all"" hook for Orders (iOS/Android)","","2026-08-25","unknown","","","","",""
"","","""before all"" hook for Portfolio (iOS)","","2026-04-21","unknown","","","","",""
"","188247","Send P2P by slide (11 EUR)","Bank Transfer - Individual","2026-05-22","broken","2026-05-22","","","",""
"","","""before all"" hook for Auto Top-Up","","2026-09-16","unknown","","","","",""
"","117629","HS-SA-1.1 Login and land on Home screen","Home Screen - Spend Analytics","2026-09-04","passed","2026-09-04","","","",""
"","","""before all"" hook for Add Beneficiary - Another person (USD) - step by step","","2026-09-04","unknown","","","","",""
"","","""before all"" hook for Price Alerts (iOS/Android)","","2026-04-24","unknown","","","","",""
"","","""before all"" hook for Business Cards - Assign Physical card","","2026-07-21","unknown","","","","",""
"","22670","BCCL-1.2 Tap Assign Card","Business Cards - Card Limit Reached (TC1745/TC1747)","2026-08-25","broken","2026-08-25","","","",""
"","63538","creates a new individual account through mobile verification","Onboarding - account creation","2026-08-13","broken","2026-08-13","","","",""
"","1977","CB-1.6 Selecting Shared Fee splits cost between parties","Cross-Border Payment - SWIFT (Android)","2026-08-11","passed","2026-08-11","","","",""
"","19933","SEARCH-1.1 Search ""cat"" and verify Carlos Cat","Home Search - Individual","2026-09-17","passed","2026-09-17","","","",""
"","119102","creates BMW buy order","Orders (iOS/Android)","2026-09-04","broken","2026-09-04","","","",""
"","","""before all"" hook for Personal Details — read-only verification (TC1535-1546)","","2026-09-09","unknown","","","","",""
"","","""before all"" hook for Card freeze/unfreeze - Joint account","","2026-09-16","unknown","","","","",""
"","157248","creates, modifies, and cancels BMW buy order","Orders (iOS/Android)","2026-08-13","broken","2026-08-13","","","",""
"","352","PD-1.6 Email field is displayed (TC1538)","Personal Details — read-only verification (TC1535-1546)","2026-09-12","passed","2026-09-12","","","",""
"","","""before all"" hook for Auto Top-Up","","2026-09-17","unknown","","","","",""
"","862","ABC-1.10 Verify physical card appears as Pending in Manage Cards","Business Cards - Assign Physical card","2026-09-04","passed","2026-09-04","","","",""
"","600013","OB-1.1 Create new individual account (Android)","Onboarding - account creation","2026-09-17","broken","2026-09-17","","","",""
"","14333","opens 3.5% Simonds Farsons Cisk 2027 (via NEXT x2)","Portfolio (iOS/Android)","2026-09-04","passed","2026-09-04","","","",""
"","","""before all"" hook for Card freeze/unfreeze - Joint account","","2026-09-17","unknown","","","","",""
"","19","SSP-1.5 Verify instruction screen shows IBAN, BIC and Bank Name fields","Add Funds – Salary, Stipend or Pension","2026-08-19","passed","2026-08-19","","","",""
"","100","VOP-1.4 VOP close button is present","VOP - SWIFT (Android)","2026-08-10","passed","2026-08-10","","","",""
"","","""before all"" hook for Add Funds","","2026-09-05","unknown","","","","",""
"","","""before all"" hook for Bank Transfer - P2P Individual","","2026-09-16","unknown","","","","",""
"","14765","ABC-1.1 Open Cards tab","Business Cards - Assign Physical card","2026-09-04","passed","2026-09-04","","","",""
"","447","AFBT-2.10 Verify Wallet Manager screen remains stable","Add Funds - Bank Transfer - Wallet Manager","2026-08-17","passed","2026-08-17","","","",""
"","1184","BCNR-1.2 Tap Add Card","Business Cards - No-Rights User Add Card Blocked","2026-09-02","passed","2026-09-02","","","",""
"","4910","VOP-1.5 Verify SWIFT transaction details and return home","VOP - SWIFT","2026-08-10","broken","2026-08-10","","","",""
"","283777","Add beneficiary (Another person, USD)","Add Beneficiary - Another person (USD)","2026-06-18","broken","2026-06-18","","","",""
"","45362","FX-1.5 EUR → GBP: exchange rate is calculated and displayed in to-amount field","FX Exchange","2026-08-13","passed","2026-08-13","","","",""
"","57055","Android: create Auto Top-Up, verify, delete and verify absence","Auto Top-Up","2026-03-25","broken","2026-03-25","","","",""
"","59641","opens 3.5% Simonds Farsons Cisk 2027 (via NEXT x2)","Portfolio (iOS)","2026-04-22","broken","2026-04-22","","","",""
"","","""before all"" hook for Price Alerts (iOS/Android)","","2026-08-18","unknown","","","","",""
"","23032","BCCL-1.1 Open Manage Cards","Business Cards - Card Limit Reached (TC1745/TC1747)","2026-08-25","broken","2026-08-25","","","",""
"","","""before all"" hook for Auto Top-Up","","2026-08-17","unknown","","","","",""
"","4304","BCAS-1.2 Tap Add New Card","Business Cards - Admin Self-Assign Card Blocked","2026-08-05","passed","2026-08-05","","","",""
"","18866","AB-USD-1.5 Select country for SWIFT payment","Add Beneficiary - Another person (USD) - step by step","2026-09-04","passed","2026-09-04","","","",""
"","","""before all"" hook for Bank Transfer - P2P Individual","","2026-09-16","unknown","","","","",""
"","15468","PF-1.4 Open Simonds Farsons Cisk 2027 bond through existing navigation","Portfolio (iOS/Android)","2026-09-05","passed","2026-09-05","","","",""
"","","""before all"" hook for Auto Top-Up","","2026-07-01","unknown","","","","",""
"","","""before all"" hook for Bank Transfer - Individual - SEPA","","2026-09-05","unknown","","","","",""
"","322178","creates, modifies, and cancels BMW buy order","Orders (iOS/Android)","2026-06-06","broken","2026-06-06","","","",""
"","","""before all"" hook for Business Cards - Admin Self-Assign Card Blocked","","2026-08-06","unknown","","","","",""
"","935","BCW-1.10 Enter wallet name ""AutoWallet_050666""","Business Cards - Create New Wallet (TC1717/TC1718/TC1719)","2026-08-04","passed","2026-08-04","","","",""
"","39850","P2P-1.2 Review and slide to pay (iOS)","Bank Transfer - P2P Individual","2026-09-17","passed","2026-09-17","","","",""
"","13996","AB-USD-1.2 Tap New Transfer / Add button","Add Beneficiary - Another person (USD) - step by step","2026-09-04","passed","2026-09-04","","","",""
"","118480","Send SEPA by slide (11 EUR)","Bank Transfer - Individual - SEPA","2026-04-29","passed","2026-04-29","","","",""
"","17496","BCW-1.13 Verify dialog message indicates plan wallet limit reached","Business Cards - Create New Wallet (TC1717/TC1718/TC1719)","2026-09-02","broken","2026-09-02","","","",""
"","59","BT-SWIFT-1.5 Open SWIFT beneficiary payment and enter amount (iOS)","Bank Transfer - Individual - SWIFT","2026-09-05","skipped","2026-09-05","","","",""
"","226920","Home search returns Carlos Cat for query ""cat""","Home Search - Individual","2026-08-17","passed","2026-08-17","","","",""
"","172756","exchanges from EUR to Dollar wallet and verifies Exchanged to USD on home","FX Exchange","2026-07-14","passed","2026-07-14","","","",""
"","","""before all"" hook for Business Cards - Admin Self-Assign Card Blocked","","2026-08-04","unknown","","","","",""
"","72611","User can open Pay tab in Individual context","Bank Transfer - Individual","2026-02-17","broken","2026-02-17","","","",""
"","","""before all"" hook for Auto Top-Up","","2026-08-21","unknown","","","","",""
"","7722","HS-1.10 Recent Activities section is visible","Home Screen - Individual","2026-09-05","passed","2026-09-05","","","",""
"","","""before all"" hook for Portfolio (iOS/Android)","","2026-09-01","unknown","","","","",""
"","1262","BCF-1.5 Verify card is frozen — Unfreeze button visible","Business Cards - Freeze/UnFreeze Other User Virtual Card","2026-08-03","passed","2026-08-03","","","",""
"","44","SSP-1.3 Select full salary preference","Add Funds – Salary, Stipend or Pension","2026-08-19","passed","2026-08-19","","","",""
"","2235","BCW-1.12 Verify ""Add Wallet"" dialog appears","Business Cards - Create New Wallet (TC1717/TC1718/TC1719)","2026-09-02","passed","2026-09-02","","","",""
"","2","BT-SEPA-1.5 Open SEPA beneficiary payment and enter amount (iOS)","Bank Transfer - Individual - SEPA","2026-09-05","skipped","2026-09-05","","","",""
"","21","PC-1.8 Enter and confirm physical-card delivery address (iOS)","Physical card creation and blocking - Individual","2026-09-05","skipped","2026-09-05","","","",""
"","8706","HM-STORY-1.2 Verify Storyly widget is visible","Home Screen - Storyly widget","2026-09-04","passed","2026-09-04","","","",""
"","419","MPP-1.1 Login and land on Home screen","My Price Plan","2026-09-04","passed","2026-09-04","","","",""
"","12598","AB-USD-1.7 Enter beneficiary name","Add Beneficiary - Another person (USD) - step by step","2026-09-04","passed","2026-09-04","","","",""
"","314","TX-1.1 Login and land on Home screen","Transactions","2026-08-20","passed","2026-08-20","","","",""
"","15121","PO-1.4 Place BMW buy order (Android)","Orders (iOS/Android)","2026-09-05","passed","2026-09-05","","","",""
"","18592","HS-1.2 Verify balance","Home Screen - Individual","2026-09-17","passed","2026-09-17","","","",""
"","10540","HS-SA-1.6 Validate category breakdown","Home Screen - Spend Analytics","2026-08-19","passed","2026-08-19","","","",""
"","475","BCF-1.5 Verify card is frozen — Unfreeze button visible","Business Cards - Freeze/UnFreeze Other User Virtual Card","2026-09-04","passed","2026-09-04","","","",""
"","","""before all"" hook for Business Cards - Assign Physical card","","2026-09-03","unknown","","","","",""
"","450","SEARCH-1.1 Wait for Home","Home Search - Individual","2026-09-05","passed","2026-09-05","","","",""
"","356","PD-1.7 Address field is displayed (TC1539)","Personal Details — read-only verification (TC1535-1546)","2026-09-12","passed","2026-09-12","","","",""
"","","""before all"" hook for Orders (iOS)","","2026-04-23","unknown","","","","",""
"","1770","CARD-1.6 Verify physical card is primary","Card Management - Joint account","2026-09-04","passed","2026-09-04","","","",""
"","239863","creates, modifies, and cancels BMW buy order","Orders (iOS/Android)","2026-08-25","broken","2026-08-25","","","",""
"","11","opens 3.5% Simonds Farsons Cisk 2027 (via NEXT x2)","Portfolio (iOS)","2026-04-29","skipped","2026-04-29","","","",""
"","","""before all"" hook for Personal Details — read-only verification (TC1535-1546)","","2026-09-10","unknown","","","","",""
"","","""before all"" hook for Add Beneficiary - Another person (USD) - step by step","","2026-09-04","unknown","","","","",""
"","","""before all"" hook for Orders (iOS/Android)","","2026-08-22","unknown","","","","",""
"","","Android: User can send P2P by slide (11 EUR)","Bank Transfer - Individual","2026-02-17","unknown","","","","",""
"","504","CB-1.4 Fee row is displayed with default option","Cross-Border Payment - SWIFT (Android)","2026-09-04","passed","2026-09-04","","","",""
"","77697","SEPA-1.1 Open payment screen and fill amount (Android)","Bank Transfer - SEPA Individual","2026-09-17","broken","2026-09-17","","","",""
"","141115","Home screen elements are visible","Home Screen - Individual","2026-03-13","passed","2026-03-13","","","",""
"","646","HS-1.8 Verify recent transactions","Home Screen - Individual","2026-09-17","passed","2026-09-17","","","",""
"","","Home search returns Carlos Cat for query ""cat""","Home Search - Individual","2026-06-04","unknown","","","","",""
"","92191","create Auto Top-Up, verify, delete and verify absence","Auto Top-Up","2026-03-27","passed","2026-03-27","","","",""
"","23794","ATU-1.3 Save Auto Top-Up and return to Add Funds or Home","Auto Top-Up","2026-09-16","passed","2026-09-16","","","",""
"","29384","HS-SA-1.7 Change Spend Analytics period","Home Screen - Spend Analytics","2026-09-04","passed","2026-09-04","","","",""
"","9199","AB-USD-1.7 Enter beneficiary name","Add Beneficiary - Another person (USD) - step by step","2026-08-25","passed","2026-08-25","","","",""
"","178124","User can proceed top up balance via card","Add Funds","2026-09-05","passed","2026-09-05","","","",""
"","","""before all"" hook for Watchlist (iOS/Android)","","2026-06-11","unknown","","","","",""
"","","creates, freezes and deletes a physical card","Physical card creation, freezing and deletion - Individual","2026-08-17","unknown","","","","",""
"","","""before all"" hook for Auto Top-Up","","2026-08-20","unknown","","","","",""
"","","""before all"" hook for Price Alerts (iOS/Android)","","2026-04-27","unknown","","","","",""
"","5468","BCR-3.3 Open Dmytri Kerteusz card details","Business Cards - Relink Card to Existing Wallet","2026-09-02","passed","2026-09-02","","","",""
"","6170","AFBT-2.4 Open Wallet Manager from Bank Transfer screen","Add Funds - Bank Transfer - Wallet Manager","2026-08-17","passed","2026-08-17","","","",""
"","6554","AB-USD-1.8 Enter account number","Add Beneficiary - Another person (USD) - step by step","2026-09-04","passed","2026-09-04","","","",""
"","15314","AB-USD-1.6 Select USD wallet / currency","Add Beneficiary - Another person (USD) - step by step","2026-08-25","passed","2026-08-25","","","",""
"","","freezes and unfreezes an active physical card","Card freeze/unfreeze - Joint account","2026-08-22","unknown","","","","",""
"","","""before all"" hook for Bank Transfer - SWIFT Individual","","2026-09-17","unknown","","","","",""
"","","""before all"" hook for Price Alerts (iOS/Android)","","2026-09-05","unknown","","","","",""
"","14110","BCR-3.1 Open More → Administration (TC1742/TC1743/TC1744)","Business Cards - Relink Card to Existing Wallet","2026-09-02","passed","2026-09-02","","","",""
"","","""before all"" hook for Bank Transfer - SEPA Individual","","2026-09-17","unknown","","","","",""
"","651","HS-1.9 Check recent transactions when present","Home Screen - Individual","2026-09-05","passed","2026-09-05","","","",""
"","","""before all"" hook for Home Search - Individual","","2026-09-18","unknown","","","","",""
"","","""before all"" hook for Orders (iOS)","","2026-04-23","unknown","","","","",""
"","","""before all"" hook for Auto Top-Up","","2026-08-17","unknown","","","","",""
"","","User can proceed top up balance via card","Add Funds","2026-08-06","unknown","","","","",""
"","","""before all"" hook for Portfolio (iOS/Android)","","2026-07-06","unknown","","","","",""
"","","""before all"" hook for Business Cards - Admin Self-Assign Card Blocked","","2026-08-04","unknown","","","","",""
"","13909","AB-USD-1.6 Select USD wallet / currency","Add Beneficiary - Another person (USD) - step by step","2026-08-19","passed","2026-08-19","","","",""
"","17302","BCW-1.12 Verify dialog message indicates plan wallet limit reached","Business Cards - Create New Wallet (TC1717/TC1718/TC1719)","2026-08-04","broken","2026-08-04","","","",""
"","391822","Create card -> success","Physical card creation - Individual","2026-07-20","passed","2026-07-20","","","",""
"","","""before all"" hook for Business Cards - Freeze/UnFreeze Other User Virtual Card","","2026-07-30","unknown","","","","",""
"","","""before all"" hook for Auto Top-Up","","2026-08-25","unknown","","","","",""
"","19083","PC-1.1 Open Cards tab (Android)","Physical card creation, freezing and deletion - Individual","2026-09-17","passed","2026-09-17","","","",""
"","","""before all"" hook for Portfolio (iOS/Android)","","2026-08-22","unknown","","","","",""
"","200084","HS-SA-1.1 Login and land on Home screen","Home Screen - Spend Analytics","2026-08-19","passed","2026-08-19","","","",""
"","195829","switches between available account types","Home Account Switch","2026-05-28","passed","2026-05-28","","","",""
"","1257","AFBT-2.10 Verify Wallet Manager screen remains stable","Add Funds - Bank Transfer - Wallet Manager","2026-08-25","passed","2026-08-25","","","",""
"","8216","CB-1.9 (TC2421) Review Payment screen shows SWIFT payment details","Cross-Border Payment - SWIFT (Android)","2026-09-04","passed","2026-09-04","","","",""
"","1415","BCNR-1.3 Verify no-rights blocked alert appears","Business Cards - No-Rights User Add Card Blocked","2026-09-03","passed","2026-09-03","","","",""
"","12473","BCR-3.1 Open More → Administration (TC1742/TC1743/TC1744)","Business Cards - Relink Card to Existing Wallet","2026-09-04","passed","2026-09-04","","","",""
"","215583","freezes and unfreezes an active physical card","Card freeze/unfreeze - Joint account","2026-05-22","broken","2026-05-22","","","",""
"","95114","exchanges from EUR to Dollar wallet and verifies Exchanged to USD on home","FX Exchange - iOS","2026-03-31","passed","2026-03-31","","","",""
"","","""before all"" hook for Cash Funds (Mobile)","","2026-09-05","unknown","","","","",""
